,Performance,JokeId,Joke,HumanScore
0,2019-01-30 Class Performance (Weird),1,robot_name_joke_2.ogg.wav,0
1,2019-01-30 Class Performance (Weird),2,gdpr_joke.ogg.wav,0
2,2019-01-30 Class Performance (Weird),12,rosie_joke.ogg.wav,0
3,2019-01-30 Class Performance (Weird),13,wall-e_joke.ogg.wav,0
4,2019-01-30 Class Performance (Weird),14,plastic_surgery_joke.ogg.wav,0
5,2019-01-30 Class Performance (Weird),106,tags/plastic_surgery_joke_negative.ogg.wav,0
6,2019-01-30 Class Performance (Weird),16,for_all_my_robots_joke.ogg.wav,0
7,2019-01-30 Class Performance (Weird),137,tags/robot_joke_negative.ogg.wav,0
8,2019-01-30 Class Performance (Weird),27,closing_take_jobs.ogg.wav,0
9,2019-01-30 Class Performance (Weird),4,silicon_valley_joke_pt1.wav,0
10,2019-01-30 Class Performance (Weird),5,silicon_valley_joke_pt2.wav,0
11,2019-01-30 Class Performance (Weird),8,inverse_kinematics_equations.ogg.wav,0
12,2019-01-30 Class Performance (Weird),112,tags/inverse_kinematics_equations_negative.ogg.wav,0
13,2019-01-30 Class Performance (Weird),9,family_joke.ogg.wav,0
14,2019-01-30 Class Performance (Weird),10,too_robotic_joke.ogg.wav,0
15,2019-01-30 Class Performance (Weird),116,tags/too_robotic_joke_negative.wav,0
16,2019-01-30 Class Performance (Weird),11,c3po_joke.ogg.wav,0
17,2019-08-15 Bombs Away Cafe,1,robot_name_joke_2.ogg.wav,0
18,2019-08-15 Bombs Away Cafe,2,gdpr_joke.ogg.wav,0
19,2019-08-15 Bombs Away Cafe,105,tags/inverse_kinematics_equations_positive_2.ogg.wav,0
20,2019-08-15 Bombs Away Cafe,9,family_joke.ogg.wav,0
21,2019-08-15 Bombs Away Cafe,103,tags/family_joke_positive_2.ogg.wav,0
22,2019-08-15 Bombs Away Cafe,10,too_robotic_joke.ogg.wav,0
23,2019-08-15 Bombs Away Cafe,116,tags/too_robotic_joke_negative.wav,1
24,2019-08-15 Bombs Away Cafe,11,c3po_joke.ogg.wav,0
25,2019-08-15 Bombs Away Cafe,12,rosie_joke.ogg.wav,0
26,2019-08-15 Bombs Away Cafe,13,wall-e_joke.ogg.wav,1
27,2019-08-15 Bombs Away Cafe,14,plastic_surgery_joke.ogg.wav,0
28,2019-08-15 Bombs Away Cafe,106,tags/plastic_surgery_joke_negative.ogg.wav,1
29,2019-08-15 Bombs Away Cafe,104,tags/gdpr_joke_positive.ogg.wav,0
30,2019-08-15 Bombs Away Cafe,15,bender_joke.ogg.wav,1
31,2019-08-15 Bombs Away Cafe,16,for_all_my_robots_joke.ogg.wav,1
32,2019-08-15 Bombs Away Cafe,108,tags/robot_joke_positive.wav,1
33,2019-08-15 Bombs Away Cafe,17,white_people_joke.ogg.wav,1
34,2019-08-15 Bombs Away Cafe,18,terminator_joke.ogg.wav,1
35,2019-08-15 Bombs Away Cafe,111,tags/white_people_joke_positive_2.ogg.wav,0
36,2019-08-15 Bombs Away Cafe,29,baha_men_joke_oregon.ogg.wav,1
37,2019-08-15 Bombs Away Cafe,20,light_bulb_joke.ogg.wav,1
38,2019-08-15 Bombs Away Cafe,30,robot_tinder_2.ogg.wav,1
39,2019-08-15 Bombs Away Cafe,124,tags/robot_tinder_2_positive.ogg.wav,0
40,2019-08-15 Bombs Away Cafe,3,siri_backpropagate.ogg.wav,1
41,2019-08-15 Bombs Away Cafe,22,big_chips_joke.ogg.wav,0
42,2019-08-15 Bombs Away Cafe,31,catfish_joke_2.ogg.wav,1
43,2019-08-15 Bombs Away Cafe,101,tags/catfish_joke_positive.ogg.wav,0
44,2019-08-15 Bombs Away Cafe,32,ip_address_joke_2.ogg.wav,0
45,2019-08-15 Bombs Away Cafe,25,encryption_joke.ogg.wav,1
46,2019-08-15 Bombs Away Cafe,102,tags/encryption_joke_positive_2.ogg.wav,0
47,2019-08-15 Bombs Away Cafe,26,robot_sexy_times.ogg.wav,1
48,2019-08-15 Bombs Away Cafe,27,closing_take_jobs.ogg.wav,0
49,2019-08-15 Bombs Away Cafe,4,silicon_valley_joke_pt1.wav,0
50,2019-08-15 Bombs Away Cafe,5,silicon_valley_joke_pt2.wav,0
51,2019-08-15 Bombs Away Cafe,28,rent_prices_oregon.ogg.wav,0
52,2019-08-15 Bombs Away Cafe,107,tags/rent_prices_oregon_negative.ogg.wav,0
53,2019-08-15 Bombs Away Cafe,7,job_joke.ogg.wav,0
54,2019-08-15 Bombs Away Cafe,8,inverse_kinematics_equations.ogg.wav,0
55,2019-08-15 Phoebe (Weird),1,robot_name_joke_2.ogg.wav,0
56,2019-08-15 Phoebe (Weird),20,light_bulb_joke.ogg.wav,0
57,2019-08-15 Phoebe (Weird),33,congratulations_youve_won_joke.wav,0
58,2019-08-15 Phoebe (Weird),34,congratulations_im_feeling_lucky.wav,0
59,2019-08-15 Phoebe (Weird),30,robot_tinder_2.ogg.wav,0
60,2019-08-15 Phoebe (Weird),22,big_chips_joke.ogg.wav,0
61,2019-08-15 Phoebe (Weird),27,closing_take_jobs.ogg.wav,0
62,2019-08-23 Spectrum,1,robot_name_joke_2.ogg.wav,0
63,2019-08-23 Spectrum,2,gdpr_joke.ogg.wav,1
64,2019-08-23 Spectrum,11,c3po_joke.ogg.wav,1
65,2019-08-23 Spectrum,12,rosie_joke.ogg.wav,0
66,2019-08-23 Spectrum,13,wall-e_joke.ogg.wav,0
67,2019-08-23 Spectrum,14,plastic_surgery_joke.ogg.wav,1
68,2019-08-23 Spectrum,15,bender_joke.ogg.wav,1
69,2019-08-23 Spectrum,16,for_all_my_robots_joke.ogg.wav,1
70,2019-08-23 Spectrum,17,white_people_joke.ogg.wav,0
71,2019-08-23 Spectrum,18,terminator_joke.ogg.wav,1
72,2019-08-23 Spectrum,29,baha_men_joke_oregon.ogg.wav,1
73,2019-08-23 Spectrum,20,light_bulb_joke.ogg.wav,0
74,2019-08-23 Spectrum,3,siri_backpropagate.ogg.wav,1
75,2019-08-23 Spectrum,30,robot_tinder_2.ogg.wav,1
76,2019-08-23 Spectrum,22,big_chips_joke.ogg.wav,1
77,2019-08-23 Spectrum,31,catfish_joke_2.ogg.wav,1
78,2019-08-23 Spectrum,32,ip_address_joke_2.ogg.wav,1
79,2019-08-23 Spectrum,25,encryption_joke.ogg.wav,1
80,2019-08-23 Spectrum,26,robot_sexy_times.ogg.wav,1
81,2019-08-23 Spectrum,33,congratulations_youve_won_joke.wav,1
82,2019-08-23 Spectrum,34,congratulations_im_feeling_lucky.wav,1
83,2019-08-23 Spectrum,35,power_cord_joke.wav,0
84,2019-08-23 Spectrum,36,domain_name_joke.wav,0
85,2019-08-23 Spectrum,4,silicon_valley_joke_pt1.wav,0
86,2019-08-23 Spectrum,37,domain_name_dot_com.wav,0
87,2019-08-23 Spectrum,27,closing_take_jobs.ogg.wav,0
88,2019-08-23 Spectrum,5,silicon_valley_joke_pt2.wav,0
89,2019-08-23 Spectrum,28,rent_prices_oregon.ogg.wav,0
90,2019-08-23 Spectrum,7,job_joke.ogg.wav,1
91,2019-08-23 Spectrum,8,inverse_kinematics_equations.ogg.wav,0
92,2019-08-23 Spectrum,9,family_joke.ogg.wav,1
93,2019-08-23 Spectrum,10,too_robotic_joke.ogg.wav,1
94,2019-09-05 Stand-up Science,1,robot_name_joke_2.ogg.wav,1
95,2019-09-05 Stand-up Science,2,gdpr_joke.ogg.wav,1
96,2019-09-05 Stand-up Science,11,c3po_joke.ogg.wav,1
97,2019-09-05 Stand-up Science,12,rosie_joke.ogg.wav,1
98,2019-09-05 Stand-up Science,13,wall-e_joke.ogg.wav,0
99,2019-09-05 Stand-up Science,14,plastic_surgery_joke.ogg.wav,1
100,2019-09-05 Stand-up Science,15,bender_joke.ogg.wav,1
101,2019-09-05 Stand-up Science,16,for_all_my_robots_joke.ogg.wav,1
102,2019-09-05 Stand-up Science,17,white_people_joke.ogg.wav,0
103,2019-09-05 Stand-up Science,18,terminator_joke.ogg.wav,1
104,2019-09-05 Stand-up Science,29,baha_men_joke_oregon.ogg.wav,1
105,2019-09-05 Stand-up Science,20,light_bulb_joke.ogg.wav,1
106,2019-09-05 Stand-up Science,3,siri_backpropagate.ogg.wav,1
107,2019-09-05 Stand-up Science,30,robot_tinder_2.ogg.wav,1
108,2019-09-05 Stand-up Science,22,big_chips_joke.ogg.wav,1
109,2019-09-05 Stand-up Science,31,catfish_joke_2.ogg.wav,1
110,2019-09-05 Stand-up Science,32,ip_address_joke_2.ogg.wav,0
111,2019-09-05 Stand-up Science,25,encryption_joke.ogg.wav,1
112,2019-09-05 Stand-up Science,26,robot_sexy_times.ogg.wav,1
113,2019-09-05 Stand-up Science,27,closing_take_jobs.ogg.wav,1
114,2019-09-05 Stand-up Science,4,silicon_valley_joke_pt1.wav,0
115,2019-09-05 Stand-up Science,5,silicon_valley_joke_pt2.wav,0
116,2019-09-05 Stand-up Science,28,rent_prices_oregon.ogg.wav,0
117,2019-09-05 Stand-up Science,7,job_joke.ogg.wav,0
118,2019-09-05 Stand-up Science,8,inverse_kinematics_equations.ogg.wav,0
119,2019-09-05 Stand-up Science,9,family_joke.ogg.wav,0
120,2019-09-05 Stand-up Science,10,too_robotic_joke.ogg.wav,0
121,2019-09-06 Naomi and Sara Laugh at Routine (Weird),1,robot_name_joke_2.ogg.wav,0
122,2019-09-06 Naomi and Sara Laugh at Routine (Weird),2,gdpr_joke.ogg.wav,0
123,2019-09-06 Naomi and Sara Laugh at Routine (Weird),7,job_joke.ogg.wav,0
124,2019-09-06 Naomi and Sara Laugh at Routine (Weird),8,inverse_kinematics_equations.ogg.wav,0
125,2019-09-06 Naomi and Sara Laugh at Routine (Weird),105,tags/inverse_kinematics_equations_positive_2.ogg.wav,0
126,2019-09-06 Naomi and Sara Laugh at Routine (Weird),9,family_joke.ogg.wav,0
127,2019-09-06 Naomi and Sara Laugh at Routine (Weird),103,tags/family_joke_positive_2.ogg.wav,0
128,2019-09-06 Naomi and Sara Laugh at Routine (Weird),70,robot_babies.ogg.wav,0
129,2019-09-06 Naomi and Sara Laugh at Routine (Weird),10,too_robotic_joke.ogg.wav,0
130,2019-09-06 Naomi and Sara Laugh at Routine (Weird),110,tags/too_robotic_joke_positive_2.ogg.wav,0
131,2019-09-06 Naomi and Sara Laugh at Routine (Weird),11,c3po_joke.ogg.wav,0
132,2019-09-06 Naomi and Sara Laugh at Routine (Weird),12,rosie_joke.ogg.wav,0
133,2019-09-06 Naomi and Sara Laugh at Routine (Weird),104,tags/gdpr_joke_positive.ogg.wav,0
134,2019-09-06 Naomi and Sara Laugh at Routine (Weird),13,wall-e_joke.ogg.wav,0
135,2019-09-06 Naomi and Sara Laugh at Routine (Weird),14,plastic_surgery_joke.ogg.wav,0
136,2019-09-06 Naomi and Sara Laugh at Routine (Weird),138,tags/plastic_surgery_joke_positive_2.ogg.wav,0
137,2019-09-06 Naomi and Sara Laugh at Routine (Weird),15,bender_joke.ogg.wav,0
138,2019-09-06 Naomi and Sara Laugh at Routine (Weird),17,white_people_joke.ogg.wav,0
139,2019-09-06 Naomi and Sara Laugh at Routine (Weird),18,terminator_joke.ogg.wav,0
140,2019-09-06 Naomi and Sara Laugh at Routine (Weird),111,tags/white_people_joke_positive_2.ogg.wav,0
141,2019-09-06 Naomi and Sara Laugh at Routine (Weird),44,boogie.ogg.wav,0
142,2019-09-06 Naomi and Sara Laugh at Routine (Weird),16,for_all_my_robots_joke.ogg.wav,0
143,2019-09-06 Naomi and Sara Laugh at Routine (Weird),108,tags/robot_joke_positive.wav,0
144,2019-09-06 Naomi and Sara Laugh at Routine (Weird),3,siri_backpropagate.ogg.wav,0
145,2019-09-06 Naomi and Sara Laugh at Routine (Weird),29,baha_men_joke_oregon.ogg.wav,0
146,2019-09-06 Naomi and Sara Laugh at Routine (Weird),30,robot_tinder_2.ogg.wav,0
147,2019-09-06 Naomi and Sara Laugh at Routine (Weird),124,tags/robot_tinder_2_positive.ogg.wav,0
148,2019-09-06 Naomi and Sara Laugh at Routine (Weird),22,big_chips_joke.ogg.wav,0
149,2019-09-06 Naomi and Sara Laugh at Routine (Weird),31,catfish_joke_2.ogg.wav,0
150,2019-09-06 Naomi and Sara Laugh at Routine (Weird),101,tags/catfish_joke_positive.ogg.wav,0
151,2019-09-06 Naomi and Sara Laugh at Routine (Weird),32,ip_address_joke_2.ogg.wav,0
152,2019-09-06 Naomi and Sara Laugh at Routine (Weird),78,selfie_drone.ogg.wav,0
153,2019-09-06 Naomi and Sara Laugh at Routine (Weird),94,vibrator.ogg.wav,0
154,2019-09-06 Naomi and Sara Laugh at Routine (Weird),95,vibrator_pt_2.ogg.wav,0
155,2019-09-06 Naomi and Sara Laugh at Routine (Weird),62,megaman.ogg.wav,0
156,2019-09-06 Naomi and Sara Laugh at Routine (Weird),33,congratulations_youve_won_joke.wav,0
157,2019-09-06 Naomi and Sara Laugh at Routine (Weird),34,congratulations_im_feeling_lucky.wav,0
158,2019-09-06 Naomi and Sara Laugh at Routine (Weird),81,smoking_joke.ogg.wav,0
159,2019-09-06 Naomi and Sara Laugh at Routine (Weird),20,light_bulb_joke.ogg.wav,0
160,2019-09-06 Naomi and Sara Laugh at Routine (Weird),84,stripper_joke.ogg.wav,0
161,2019-09-06 Naomi and Sara Laugh at Routine (Weird),86,stripper_vagina_joke.ogg.wav,0
162,2019-09-06 Naomi and Sara Laugh at Routine (Weird),77,self_driving_limo.ogg.wav,0
163,2019-09-06 Naomi and Sara Laugh at Routine (Weird),121,tags/self_driving_limo_positive.ogg.wav,0
164,2019-09-06 Naomi and Sara Laugh at Routine (Weird),82,software_update.ogg.wav,1
165,2019-09-06 Naomi and Sara Laugh at Routine (Weird),35,power_cord_joke.wav,0
166,2019-09-06 Naomi and Sara Laugh at Routine (Weird),120,tags/megaman_positive.ogg.wav,0
167,2019-09-06 Naomi and Sara Laugh at Routine (Weird),115,tags/power_cord_joke_positive.wav,0
168,2019-09-06 Naomi and Sara Laugh at Routine (Weird),36,domain_name_joke.wav,0
169,2019-09-06 Naomi and Sara Laugh at Routine (Weird),37,domain_name_dot_com.wav,0
170,2019-09-06 Naomi and Sara Laugh at Routine (Weird),71,robot_drugs.ogg.wav,0
171,2019-09-06 Naomi and Sara Laugh at Routine (Weird),123,tags/robot_drugs_positive.ogg.wav,0
172,2019-09-06 Naomi and Sara Laugh at Routine (Weird),25,encryption_joke.ogg.wav,0
173,2019-09-06 Naomi and Sara Laugh at Routine (Weird),102,tags/encryption_joke_positive_2.ogg.wav,0
174,2019-09-06 Naomi and Sara Laugh at Routine (Weird),26,robot_sexy_times.ogg.wav,0
175,2019-09-06 Naomi and Sara Laugh at Routine (Weird),27,closing_take_jobs.ogg.wav,0
176,2019-09-06 Naomi and Sara Laugh at Routine (Weird),4,silicon_valley_joke_pt1.wav,0
177,2019-09-06 Naomi and Sara Laugh at Routine (Weird),5,silicon_valley_joke_pt2.wav,0
178,2019-09-06 Naomi and Sara Laugh at Routine (Weird),28,rent_prices_oregon.ogg.wav,0
179,2019-09-06 Naomi and Sara Laugh at Routine (Weird),139,tags/rent_prices_oregon_positive.ogg.wav,0
180,2019-09-06 RoboCom,1,robot_name_joke_2.ogg.wav,1
181,2019-09-06 RoboCom,2,gdpr_joke.ogg.wav,1
182,2019-09-06 RoboCom,7,job_joke.ogg.wav,0
183,2019-09-06 RoboCom,8,inverse_kinematics_equations.ogg.wav,0
184,2019-09-06 RoboCom,105,tags/inverse_kinematics_equations_positive_2.ogg.wav,0
185,2019-09-06 RoboCom,9,family_joke.ogg.wav,0
186,2019-09-06 RoboCom,103,tags/family_joke_positive_2.ogg.wav,0
187,2019-09-06 RoboCom,70,robot_babies.ogg.wav,0
188,2019-09-06 RoboCom,10,too_robotic_joke.ogg.wav,1
189,2019-09-06 RoboCom,11,c3po_joke.ogg.wav,0
190,2019-09-06 RoboCom,12,rosie_joke.ogg.wav,0
191,2019-09-06 RoboCom,13,wall-e_joke.ogg.wav,1
192,2019-09-06 RoboCom,104,tags/gdpr_joke_positive.ogg.wav,1
193,2019-09-06 RoboCom,14,plastic_surgery_joke.ogg.wav,1
194,2019-09-06 RoboCom,106,tags/plastic_surgery_joke_negative.ogg.wav,1
195,2019-09-06 RoboCom,15,bender_joke.ogg.wav,1
196,2019-09-06 RoboCom,17,white_people_joke.ogg.wav,0
197,2019-09-06 RoboCom,18,terminator_joke.ogg.wav,1
198,2019-09-06 RoboCom,111,tags/white_people_joke_positive_2.ogg.wav,0
199,2019-09-06 RoboCom,44,boogie.ogg.wav,1
200,2019-09-06 RoboCom,16,for_all_my_robots_joke.ogg.wav,1
201,2019-09-06 RoboCom,118,tags/robot_joke_negative_2.ogg.wav,0
202,2019-09-06 RoboCom,29,baha_men_joke_oregon.ogg.wav,1
203,2019-09-06 RoboCom,3,siri_backpropagate.ogg.wav,1
204,2019-09-06 RoboCom,30,robot_tinder_2.ogg.wav,1
205,2019-09-06 RoboCom,22,big_chips_joke.ogg.wav,1
206,2019-09-06 RoboCom,31,catfish_joke_2.ogg.wav,1
207,2019-09-06 RoboCom,101,tags/catfish_joke_positive.ogg.wav,0
208,2019-09-06 RoboCom,32,ip_address_joke_2.ogg.wav,0
209,2019-09-06 RoboCom,78,selfie_drone.ogg.wav,0
210,2019-09-06 RoboCom,94,vibrator.ogg.wav,0
211,2019-09-06 RoboCom,95,vibrator_pt_2.ogg.wav,0
212,2019-09-06 RoboCom,33,congratulations_youve_won_joke.wav,1
213,2019-09-06 RoboCom,34,congratulations_im_feeling_lucky.wav,1
214,2019-09-06 RoboCom,62,megaman.ogg.wav,0
215,2019-09-06 RoboCom,81,smoking_joke.ogg.wav,0
216,2019-09-06 RoboCom,20,light_bulb_joke.ogg.wav,1
217,2019-09-06 RoboCom,84,stripper_joke.ogg.wav,0
218,2019-09-06 RoboCom,86,stripper_vagina_joke.ogg.wav,1
219,2019-09-06 RoboCom,77,self_driving_limo.ogg.wav,0
220,2019-09-06 RoboCom,121,tags/self_driving_limo_positive.ogg.wav,0
221,2019-09-06 RoboCom,82,software_update.ogg.wav,1
222,2019-09-06 RoboCom,35,power_cord_joke.wav,0
223,2019-09-06 RoboCom,113,tags/power_cord_joke_negative.wav,0
224,2019-09-06 RoboCom,36,domain_name_joke.wav,0
225,2019-09-06 RoboCom,120,tags/megaman_positive.ogg.wav,0
226,2019-09-06 RoboCom,37,domain_name_dot_com.wav,0
227,2019-09-06 RoboCom,71,robot_drugs.ogg.wav,0
228,2019-09-06 RoboCom,25,encryption_joke.ogg.wav,0
229,2019-09-06 RoboCom,102,tags/encryption_joke_positive_2.ogg.wav,0
230,2019-09-06 RoboCom,26,robot_sexy_times.ogg.wav,0
231,2019-09-06 RoboCom,27,closing_take_jobs.ogg.wav,0
232,2019-09-06 RoboCom,4,silicon_valley_joke_pt1.wav,0
233,2019-09-06 RoboCom,5,silicon_valley_joke_pt2.wav,0
234,2019-09-06 RoboCom,28,rent_prices_oregon.ogg.wav,0
235,2019-09-06 RoboCom,107,tags/rent_prices_oregon_negative.ogg.wav,1
236,2019-09-19 Bombs Away Cafe,1,robot_name_joke_2.ogg.wav,1
237,2019-09-19 Bombs Away Cafe,62,megaman.ogg.wav,0
238,2019-09-19 Bombs Away Cafe,18,terminator_joke.ogg.wav,1
239,2019-09-19 Bombs Away Cafe,117,tags/white_people_joke_negative.ogg.wav,1
240,2019-09-19 Bombs Away Cafe,44,boogie.ogg.wav,1
241,2019-09-19 Bombs Away Cafe,30,robot_tinder_2.ogg.wav,1
242,2019-09-19 Bombs Away Cafe,124,tags/robot_tinder_2_positive.ogg.wav,1
243,2019-09-19 Bombs Away Cafe,22,big_chips_joke.ogg.wav,1
244,2019-09-19 Bombs Away Cafe,32,ip_address_joke_2.ogg.wav,0
245,2019-09-19 Bombs Away Cafe,78,selfie_drone.ogg.wav,1
246,2019-09-19 Bombs Away Cafe,94,vibrator.ogg.wav,0
247,2019-09-19 Bombs Away Cafe,95,vibrator_pt_2.ogg.wav,1
248,2019-09-19 Bombs Away Cafe,120,tags/megaman_positive.ogg.wav,0
249,2019-09-19 Bombs Away Cafe,81,smoking_joke.ogg.wav,0
250,2019-09-19 Bombs Away Cafe,84,stripper_joke.ogg.wav,0
251,2019-09-19 Bombs Away Cafe,86,stripper_vagina_joke.ogg.wav,1
252,2019-09-19 Bombs Away Cafe,77,self_driving_limo.ogg.wav,1
253,2019-09-19 Bombs Away Cafe,121,tags/self_driving_limo_positive.ogg.wav,0
254,2019-09-19 Bombs Away Cafe,82,software_update.ogg.wav,1
255,2019-09-19 Bombs Away Cafe,125,tags/software_update_positive.ogg.wav,0
256,2019-09-19 Bombs Away Cafe,35,power_cord_joke.wav,0
257,2019-09-19 Bombs Away Cafe,36,domain_name_joke.wav,0
258,2019-09-19 Bombs Away Cafe,37,domain_name_dot_com.wav,0
259,2019-09-19 Bombs Away Cafe,9,family_joke.ogg.wav,0
260,2019-09-19 Bombs Away Cafe,71,robot_drugs.ogg.wav,1
261,2019-09-19 Bombs Away Cafe,123,tags/robot_drugs_positive.ogg.wav,0
262,2019-09-19 Bombs Away Cafe,27,closing_take_jobs.ogg.wav,0
263,2019-09-19 Bombs Away Cafe,103,tags/family_joke_positive_2.ogg.wav,0
264,2019-09-19 Bombs Away Cafe,70,robot_babies.ogg.wav,0
265,2019-09-19 Bombs Away Cafe,122,tags/robot_babies_positive.ogg.wav,0
266,2019-09-19 Bombs Away Cafe,10,too_robotic_joke.ogg.wav,1
267,2019-09-19 Bombs Away Cafe,116,tags/too_robotic_joke_negative.wav,1
268,2019-09-19 Bombs Away Cafe,17,white_people_joke.ogg.wav,1
269,2019-09-21 Laugh Track Town USA,1,robot_name_joke_2.ogg.wav,0
270,2019-09-21 Laugh Track Town USA,2,gdpr_joke.ogg.wav,0
271,2019-09-21 Laugh Track Town USA,17,white_people_joke.ogg.wav,0
272,2019-09-21 Laugh Track Town USA,18,terminator_joke.ogg.wav,0
273,2019-09-21 Laugh Track Town USA,117,tags/white_people_joke_negative.ogg.wav,0
274,2019-09-21 Laugh Track Town USA,44,boogie.ogg.wav,0
275,2019-09-21 Laugh Track Town USA,16,for_all_my_robots_joke.ogg.wav,0
276,2019-09-21 Laugh Track Town USA,118,tags/robot_joke_negative_2.ogg.wav,0
277,2019-09-21 Laugh Track Town USA,29,baha_men_joke_oregon.ogg.wav,1
278,2019-09-21 Laugh Track Town USA,30,robot_tinder_2.ogg.wav,1
279,2019-09-21 Laugh Track Town USA,109,tags/robot_tinder_2_negative.ogg.wav,1
280,2019-09-21 Laugh Track Town USA,22,big_chips_joke.ogg.wav,1
281,2019-09-21 Laugh Track Town USA,104,tags/gdpr_joke_positive.ogg.wav,0
282,2019-09-21 Laugh Track Town USA,78,selfie_drone.ogg.wav,1
283,2019-09-21 Laugh Track Town USA,94,vibrator.ogg.wav,0
284,2019-09-21 Laugh Track Town USA,95,vibrator_pt_2.ogg.wav,0
285,2019-09-21 Laugh Track Town USA,81,smoking_joke.ogg.wav,1
286,2019-09-21 Laugh Track Town USA,84,stripper_joke.ogg.wav,0
287,2019-09-21 Laugh Track Town USA,86,stripper_vagina_joke.ogg.wav,1
288,2019-09-21 Laugh Track Town USA,77,self_driving_limo.ogg.wav,0
289,2019-09-21 Laugh Track Town USA,126,tags/self_driving_limo_negative.ogg.wav,0
290,2019-09-21 Laugh Track Town USA,82,software_update.ogg.wav,1
291,2019-09-21 Laugh Track Town USA,125,tags/software_update_positive.ogg.wav,0
292,2019-09-21 Laugh Track Town USA,3,siri_backpropagate.ogg.wav,1
293,2019-09-21 Laugh Track Town USA,25,encryption_joke.ogg.wav,0
294,2019-09-21 Laugh Track Town USA,102,tags/encryption_joke_positive_2.ogg.wav,0
295,2019-09-21 Laugh Track Town USA,26,robot_sexy_times.ogg.wav,1
296,2019-09-21 Laugh Track Town USA,27,closing_take_jobs.ogg.wav,0
297,2019-09-21 Laugh Track Town USA,62,megaman.ogg.wav,0
298,2019-09-21 Laugh Track Town USA,120,tags/megaman_positive.ogg.wav,0
299,2019-09-21 Laugh Track Town USA,9,family_joke.ogg.wav,0
300,2019-09-21 Laugh Track Town USA,70,robot_babies.ogg.wav,0
301,2019-09-21 Laugh Track Town USA,10,too_robotic_joke.ogg.wav,0
302,2019-09-21 Laugh Track Town USA,116,tags/too_robotic_joke_negative.wav,1
303,2019-09-28 OSU Cascades (Weird),1,robot_name_joke_2.ogg.wav,0
304,2019-09-28 OSU Cascades (Weird),2,gdpr_joke.ogg.wav,0
305,2019-09-28 OSU Cascades (Weird),8,inverse_kinematics_equations.ogg.wav,0
306,2019-09-28 OSU Cascades (Weird),112,tags/inverse_kinematics_equations_negative.ogg.wav,0
307,2019-09-28 OSU Cascades (Weird),9,family_joke.ogg.wav,0
308,2019-09-28 OSU Cascades (Weird),10,too_robotic_joke.ogg.wav,0
309,2019-09-28 OSU Cascades (Weird),116,tags/too_robotic_joke_negative.wav,0
310,2019-09-28 OSU Cascades (Weird),11,c3po_joke.ogg.wav,0
311,2019-09-28 OSU Cascades (Weird),12,rosie_joke.ogg.wav,0
312,2019-09-28 OSU Cascades (Weird),13,wall-e_joke.ogg.wav,0
313,2019-09-28 OSU Cascades (Weird),14,plastic_surgery_joke.ogg.wav,0
314,2019-09-28 OSU Cascades (Weird),106,tags/plastic_surgery_joke_negative.ogg.wav,0
315,2019-09-28 OSU Cascades (Weird),104,tags/gdpr_joke_positive.ogg.wav,0
316,2019-09-28 OSU Cascades (Weird),17,white_people_joke.ogg.wav,0
317,2019-09-28 OSU Cascades (Weird),18,terminator_joke.ogg.wav,0
318,2019-09-28 OSU Cascades (Weird),117,tags/white_people_joke_negative.ogg.wav,0
319,2019-09-28 OSU Cascades (Weird),44,boogie.ogg.wav,0
320,2019-09-28 OSU Cascades (Weird),16,for_all_my_robots_joke.ogg.wav,0
321,2019-09-28 OSU Cascades (Weird),118,tags/robot_joke_negative_2.ogg.wav,0
322,2019-09-28 OSU Cascades (Weird),33,congratulations_youve_won_joke.wav,0
323,2019-09-28 OSU Cascades (Weird),34,congratulations_im_feeling_lucky.wav,0
324,2019-09-28 OSU Cascades (Weird),81,smoking_joke.ogg.wav,0
325,2019-09-28 OSU Cascades (Weird),78,selfie_drone.ogg.wav,0
326,2019-09-28 OSU Cascades (Weird),62,megaman.ogg.wav,0
327,2019-09-28 OSU Cascades (Weird),32,ip_address_joke_2.ogg.wav,0
328,2019-09-28 OSU Cascades (Weird),20,light_bulb_joke.ogg.wav,0
329,2019-09-28 OSU Cascades (Weird),82,software_update.ogg.wav,0
330,2019-09-28 OSU Cascades (Weird),136,tags/software_update_negative.ogg.wav,0
331,2019-09-28 OSU Cascades (Weird),29,baha_men_joke_oregon.ogg.wav,0
332,2019-09-28 OSU Cascades (Weird),27,closing_take_jobs.ogg.wav,0
333,2019-09-28 OSU Cascades (Weird),134,tags/megaman_negative.ogg.wav,0
334,2019-09-28 OSU Cascades (Weird),4,silicon_valley_joke_pt1.wav,0
335,2019-09-28 OSU Cascades (Weird),5,silicon_valley_joke_pt2.wav,0
336,2019-09-28 OSU Cascades (Weird),28,rent_prices_oregon.ogg.wav,0
337,2019-09-28 OSU Cascades (Weird),107,tags/rent_prices_oregon_negative.ogg.wav,0
338,2019-09-28 OSU Cascades (Weird),7,job_joke.ogg.wav,0
339,2019-10-11 Singu-hilarity,1,robot_name_joke_2.ogg.wav,1
340,2019-10-11 Singu-hilarity,2,gdpr_joke.ogg.wav,0
341,2019-10-11 Singu-hilarity,10,too_robotic_joke.ogg.wav,0
342,2019-10-11 Singu-hilarity,116,tags/too_robotic_joke_negative.wav,1
343,2019-10-11 Singu-hilarity,17,white_people_joke.ogg.wav,0
344,2019-10-11 Singu-hilarity,18,terminator_joke.ogg.wav,1
345,2019-10-11 Singu-hilarity,129,tags/metal_ceiling_positive.ogg.wav,1
346,2019-10-11 Singu-hilarity,44,boogie.ogg.wav,1
347,2019-10-11 Singu-hilarity,16,for_all_my_robots_joke.ogg.wav,1
348,2019-10-11 Singu-hilarity,118,tags/robot_joke_negative_2.ogg.wav,1
349,2019-10-11 Singu-hilarity,29,baha_men_joke_oregon.ogg.wav,1
350,2019-10-11 Singu-hilarity,30,robot_tinder_2.ogg.wav,1
351,2019-10-11 Singu-hilarity,104,tags/gdpr_joke_positive.ogg.wav,0
352,2019-10-11 Singu-hilarity,22,big_chips_joke.ogg.wav,1
353,2019-10-11 Singu-hilarity,78,selfie_drone.ogg.wav,1
354,2019-10-11 Singu-hilarity,94,vibrator.ogg.wav,0
355,2019-10-11 Singu-hilarity,95,vibrator_pt_2.ogg.wav,1
356,2019-10-11 Singu-hilarity,81,smoking_joke.ogg.wav,1
357,2019-10-11 Singu-hilarity,84,stripper_joke.ogg.wav,0
358,2019-10-11 Singu-hilarity,86,stripper_vagina_joke.ogg.wav,0
359,2019-10-11 Singu-hilarity,77,self_driving_limo.ogg.wav,0
360,2019-10-11 Singu-hilarity,121,tags/self_driving_limo_positive.ogg.wav,1
361,2019-10-11 Singu-hilarity,82,software_update.ogg.wav,1
362,2019-10-11 Singu-hilarity,3,siri_backpropagate.ogg.wav,1
363,2019-10-11 Singu-hilarity,25,encryption_joke.ogg.wav,1
364,2019-10-11 Singu-hilarity,102,tags/encryption_joke_positive_2.ogg.wav,0
365,2019-10-11 Singu-hilarity,26,robot_sexy_times.ogg.wav,1
366,2019-10-11 Singu-hilarity,27,closing_take_jobs.ogg.wav,0
367,2019-10-11 Singu-hilarity,62,megaman.ogg.wav,0
368,2019-10-11 Singu-hilarity,120,tags/megaman_positive.ogg.wav,0
369,2019-10-11 Singu-hilarity,9,family_joke.ogg.wav,0
370,2019-10-11 Singu-hilarity,103,tags/family_joke_positive_2.ogg.wav,0
371,2019-10-11 Singu-hilarity,70,robot_babies.ogg.wav,0
372,2019-10-11 Singu-hilarity,122,tags/robot_babies_positive.ogg.wav,0
373,2019-04-13 Cienna Nerdy Show at The Drake,1,robot_name_joke_2.ogg.wav,1
374,2019-04-13 Cienna Nerdy Show at The Drake,2,gdpr_joke.ogg.wav,1
375,2019-04-13 Cienna Nerdy Show at The Drake,105,tags/inverse_kinematics_equations_positive_2.ogg.wav,1
376,2019-04-13 Cienna Nerdy Show at The Drake,9,family_joke.ogg.wav,1
377,2019-04-13 Cienna Nerdy Show at The Drake,103,tags/family_joke_positive_2.ogg.wav,0
378,2019-04-13 Cienna Nerdy Show at The Drake,10,too_robotic_joke.ogg.wav,1
379,2019-04-13 Cienna Nerdy Show at The Drake,110,tags/too_robotic_joke_positive_2.ogg.wav,0
380,2019-04-13 Cienna Nerdy Show at The Drake,11,c3po_joke.ogg.wav,0
381,2019-04-13 Cienna Nerdy Show at The Drake,12,rosie_joke.ogg.wav,0
382,2019-04-13 Cienna Nerdy Show at The Drake,13,wall-e_joke.ogg.wav,0
383,2019-04-13 Cienna Nerdy Show at The Drake,14,plastic_surgery_joke.ogg.wav,1
384,2019-04-13 Cienna Nerdy Show at The Drake,106,tags/plastic_surgery_joke_negative.ogg.wav,0
385,2019-04-13 Cienna Nerdy Show at The Drake,104,tags/gdpr_joke_positive.ogg.wav,1
386,2019-04-13 Cienna Nerdy Show at The Drake,15,bender_joke.ogg.wav,1
387,2019-04-13 Cienna Nerdy Show at The Drake,16,for_all_my_robots_joke.ogg.wav,1
388,2019-04-13 Cienna Nerdy Show at The Drake,108,tags/robot_joke_positive.wav,1
389,2019-04-13 Cienna Nerdy Show at The Drake,17,white_people_joke.ogg.wav,1
390,2019-04-13 Cienna Nerdy Show at The Drake,18,terminator_joke.ogg.wav,0
391,2019-04-13 Cienna Nerdy Show at The Drake,111,tags/white_people_joke_positive_2.ogg.wav,0
392,2019-04-13 Cienna Nerdy Show at The Drake,29,baha_men_joke_oregon.ogg.wav,1
393,2019-04-13 Cienna Nerdy Show at The Drake,20,light_bulb_joke.ogg.wav,1
394,2019-04-13 Cienna Nerdy Show at The Drake,30,robot_tinder_2.ogg.wav,1
395,2019-04-13 Cienna Nerdy Show at The Drake,109,tags/robot_tinder_2_negative.ogg.wav,1
396,2019-04-13 Cienna Nerdy Show at The Drake,3,siri_backpropagate.ogg.wav,1
397,2019-04-13 Cienna Nerdy Show at The Drake,22,big_chips_joke.ogg.wav,1
398,2019-04-13 Cienna Nerdy Show at The Drake,31,catfish_joke_2.ogg.wav,1
399,2019-04-13 Cienna Nerdy Show at The Drake,101,tags/catfish_joke_positive.ogg.wav,0
400,2019-04-13 Cienna Nerdy Show at The Drake,32,ip_address_joke_2.ogg.wav,1
401,2019-04-13 Cienna Nerdy Show at The Drake,25,encryption_joke.ogg.wav,1
402,2019-04-13 Cienna Nerdy Show at The Drake,102,tags/encryption_joke_positive_2.ogg.wav,0
403,2019-04-13 Cienna Nerdy Show at The Drake,26,robot_sexy_times.ogg.wav,1
404,2019-04-13 Cienna Nerdy Show at The Drake,27,closing_take_jobs.ogg.wav,1
405,2019-04-13 Cienna Nerdy Show at The Drake,4,silicon_valley_joke_pt1.wav,0
406,2019-04-13 Cienna Nerdy Show at The Drake,5,silicon_valley_joke_pt2.wav,0
407,2019-04-13 Cienna Nerdy Show at The Drake,28,rent_prices_oregon.ogg.wav,0
408,2019-04-13 Cienna Nerdy Show at The Drake,107,tags/rent_prices_oregon_negative.ogg.wav,1
409,2019-04-13 Cienna Nerdy Show at The Drake,7,job_joke.ogg.wav,0
410,2019-04-13 Cienna Nerdy Show at The Drake,8,inverse_kinematics_equations.ogg.wav,1
411,2019-11-29 Comedy the Musical,1,robot_name_joke_2.ogg.wav,1
412,2019-11-29 Comedy the Musical,2,gdpr_joke.ogg.wav,0
413,2019-11-29 Comedy the Musical,17,white_people_joke.ogg.wav,0
414,2019-11-29 Comedy the Musical,18,terminator_joke.ogg.wav,1
415,2019-11-29 Comedy the Musical,129,tags/metal_ceiling_positive.ogg.wav,1
416,2019-11-29 Comedy the Musical,44,boogie.ogg.wav,1
417,2019-11-29 Comedy the Musical,29,baha_men_joke_oregon.ogg.wav,1
418,2019-11-29 Comedy the Musical,22,big_chips_joke.ogg.wav,0
419,2019-11-29 Comedy the Musical,81,smoking_joke.ogg.wav,1
420,2019-11-29 Comedy the Musical,25,encryption_joke.ogg.wav,1
421,2019-11-29 Comedy the Musical,102,tags/encryption_joke_positive_2.ogg.wav,0
422,2019-11-29 Comedy the Musical,26,robot_sexy_times.ogg.wav,1
423,2019-11-29 Comedy the Musical,104,tags/gdpr_joke_positive.ogg.wav,0
424,2019-11-29 Comedy the Musical,27,closing_take_jobs.ogg.wav,0
425,2019-11-29 Comedy the Musical,3,siri_backpropagate.ogg.wav,1
426,2019-11-29 Comedy the Musical,9,family_joke.ogg.wav,1
427,2019-11-29 Comedy the Musical,103,tags/family_joke_positive_2.ogg.wav,0
428,2019-11-29 Comedy the Musical,70,robot_babies.ogg.wav,1
429,2019-11-29 Comedy the Musical,122,tags/robot_babies_positive.ogg.wav,0
430,2019-11-29 Comedy the Musical,10,too_robotic_joke.ogg.wav,1
431,2019-11-29 Comedy the Musical,116,tags/too_robotic_joke_negative.wav,1
432,2019-11-29 Crapshoot,1,robot_name_joke_2.ogg.wav,1
433,2019-11-29 Crapshoot,2,gdpr_joke.ogg.wav,1
434,2019-11-29 Crapshoot,17,white_people_joke.ogg.wav,0
435,2019-11-29 Crapshoot,18,terminator_joke.ogg.wav,1
436,2019-11-29 Crapshoot,129,tags/metal_ceiling_positive.ogg.wav,0
437,2019-11-29 Crapshoot,44,boogie.ogg.wav,1
438,2019-11-29 Crapshoot,29,baha_men_joke_oregon.ogg.wav,1
439,2019-11-29 Crapshoot,22,big_chips_joke.ogg.wav,1
440,2019-11-29 Crapshoot,81,smoking_joke.ogg.wav,1
441,2019-11-29 Crapshoot,25,encryption_joke.ogg.wav,1
442,2019-11-29 Crapshoot,102,tags/encryption_joke_positive_2.ogg.wav,0
443,2019-11-29 Crapshoot,26,robot_sexy_times.ogg.wav,1
444,2019-11-29 Crapshoot,104,tags/gdpr_joke_positive.ogg.wav,0
445,2019-11-29 Crapshoot,27,closing_take_jobs.ogg.wav,0
446,2019-11-29 Crapshoot,3,siri_backpropagate.ogg.wav,1
447,2019-11-29 Crapshoot,9,family_joke.ogg.wav,1
448,2019-11-29 Crapshoot,103,tags/family_joke_positive_2.ogg.wav,0
449,2019-11-29 Crapshoot,70,robot_babies.ogg.wav,1
450,2019-11-29 Crapshoot,122,tags/robot_babies_positive.ogg.wav,0
451,2019-11-29 Crapshoot,10,too_robotic_joke.ogg.wav,1
452,2019-11-29 Crapshoot,116,tags/too_robotic_joke_negative.wav,0
453,2019-12-06 Silent Background Recording,1,robot_name_joke_2.ogg.wav,0
454,2019-12-06 Silent Background Recording,2,gdpr_joke.ogg.wav,0
455,2019-12-06 Silent Background Recording,7,job_joke.ogg.wav,0
456,2019-12-06 Silent Background Recording,8,inverse_kinematics_equations.ogg.wav,0
457,2019-12-06 Silent Background Recording,112,tags/inverse_kinematics_equations_negative.ogg.wav,0
458,2019-12-06 Silent Background Recording,9,family_joke.ogg.wav,0
459,2019-12-06 Silent Background Recording,70,robot_babies.ogg.wav,0
460,2019-12-06 Silent Background Recording,133,tags/killing_joke_negative.wav,0
461,2019-12-06 Silent Background Recording,10,too_robotic_joke.ogg.wav,0
462,2019-12-06 Silent Background Recording,116,tags/too_robotic_joke_negative.wav,0
463,2019-12-06 Silent Background Recording,11,c3po_joke.ogg.wav,0
464,2019-12-06 Silent Background Recording,12,rosie_joke.ogg.wav,0
465,2019-12-06 Silent Background Recording,132,tags/gdpr_joke_negative.ogg.wav,0
466,2019-12-06 Silent Background Recording,13,wall-e_joke.ogg.wav,0
467,2019-12-06 Silent Background Recording,14,plastic_surgery_joke.ogg.wav,0
468,2019-12-06 Silent Background Recording,106,tags/plastic_surgery_joke_negative.ogg.wav,0
469,2019-12-06 Silent Background Recording,15,bender_joke.ogg.wav,0
470,2019-12-06 Silent Background Recording,17,white_people_joke.ogg.wav,0
471,2019-12-06 Silent Background Recording,18,terminator_joke.ogg.wav,0
472,2019-12-06 Silent Background Recording,117,tags/white_people_joke_negative.ogg.wav,0
473,2019-12-06 Silent Background Recording,44,boogie.ogg.wav,0
474,2019-12-06 Silent Background Recording,16,for_all_my_robots_joke.ogg.wav,0
475,2019-12-06 Silent Background Recording,118,tags/robot_joke_negative_2.ogg.wav,0
476,2019-12-06 Silent Background Recording,3,siri_backpropagate.ogg.wav,0
477,2019-12-06 Silent Background Recording,29,baha_men_joke_oregon.ogg.wav,0
478,2019-12-06 Silent Background Recording,30,robot_tinder_2.ogg.wav,0
479,2019-12-06 Silent Background Recording,109,tags/robot_tinder_2_negative.ogg.wav,0
480,2019-12-06 Silent Background Recording,22,big_chips_joke.ogg.wav,0
481,2019-12-06 Silent Background Recording,31,catfish_joke_2.ogg.wav,0
482,2019-12-06 Silent Background Recording,130,tags/catfish_joke_negative.ogg.wav,0
483,2019-12-06 Silent Background Recording,32,ip_address_joke_2.ogg.wav,0
484,2019-12-06 Silent Background Recording,78,selfie_drone.ogg.wav,0
485,2019-12-06 Silent Background Recording,94,vibrator.ogg.wav,0
486,2019-12-06 Silent Background Recording,95,vibrator_pt_2.ogg.wav,0
487,2019-12-06 Silent Background Recording,62,megaman.ogg.wav,0
488,2019-12-06 Silent Background Recording,33,congratulations_youve_won_joke.wav,0
489,2019-12-06 Silent Background Recording,34,congratulations_im_feeling_lucky.wav,0
490,2019-12-06 Silent Background Recording,81,smoking_joke.ogg.wav,0
491,2019-12-06 Silent Background Recording,20,light_bulb_joke.ogg.wav,0
492,2019-12-06 Silent Background Recording,84,stripper_joke.ogg.wav,0
493,2019-12-06 Silent Background Recording,86,stripper_vagina_joke.ogg.wav,0
494,2019-12-06 Silent Background Recording,77,self_driving_limo.ogg.wav,0
495,2019-12-06 Silent Background Recording,126,tags/self_driving_limo_negative.ogg.wav,0
496,2019-12-06 Silent Background Recording,82,software_update.ogg.wav,0
497,2019-12-06 Silent Background Recording,136,tags/software_update_negative.ogg.wav,0
498,2019-12-06 Silent Background Recording,134,tags/megaman_negative.ogg.wav,0
499,2019-12-06 Silent Background Recording,35,power_cord_joke.wav,0
500,2019-12-06 Silent Background Recording,113,tags/power_cord_joke_negative.wav,0
501,2019-12-06 Silent Background Recording,36,domain_name_joke.wav,0
502,2019-12-06 Silent Background Recording,37,domain_name_dot_com.wav,0
503,2019-12-06 Silent Background Recording,71,robot_drugs.ogg.wav,0
504,2019-12-06 Silent Background Recording,135,tags/robot_drugs_negative.ogg.wav,0
505,2019-12-06 Silent Background Recording,25,encryption_joke.ogg.wav,0
506,2019-12-06 Silent Background Recording,131,tags/encryption_joke_negative_2.ogg.wav,0
507,2019-12-06 Silent Background Recording,26,robot_sexy_times.ogg.wav,0
508,2019-12-06 Silent Background Recording,27,closing_take_jobs.ogg.wav,0
509,2019-12-06 Silent Background Recording,4,silicon_valley_joke_pt1.wav,0
510,2019-12-06 Silent Background Recording,5,silicon_valley_joke_pt2.wav,0
511,2019-12-06 Silent Background Recording,28,rent_prices_oregon.ogg.wav,0
512,2019-12-06 Silent Background Recording,107,tags/rent_prices_oregon_negative.ogg.wav,0
513,2019-12-09 Singu-Hilarity in San Francisco,1,robot_name_joke_2.ogg.wav,1
514,2019-12-09 Singu-Hilarity in San Francisco,2,gdpr_joke.ogg.wav,1
515,2019-12-09 Singu-Hilarity in San Francisco,103,tags/family_joke_positive_2.ogg.wav,0
516,2019-12-09 Singu-Hilarity in San Francisco,70,robot_babies.ogg.wav,0
517,2019-12-09 Singu-Hilarity in San Francisco,122,tags/robot_babies_positive.ogg.wav,0
518,2019-12-09 Singu-Hilarity in San Francisco,10,too_robotic_joke.ogg.wav,1
519,2019-12-09 Singu-Hilarity in San Francisco,116,tags/too_robotic_joke_negative.wav,1
520,2019-12-09 Singu-Hilarity in San Francisco,11,c3po_joke.ogg.wav,0
521,2019-12-09 Singu-Hilarity in San Francisco,12,rosie_joke.ogg.wav,1
522,2019-12-09 Singu-Hilarity in San Francisco,13,wall-e_joke.ogg.wav,0
523,2019-12-09 Singu-Hilarity in San Francisco,14,plastic_surgery_joke.ogg.wav,1
524,2019-12-09 Singu-Hilarity in San Francisco,106,tags/plastic_surgery_joke_negative.ogg.wav,1
525,2019-12-09 Singu-Hilarity in San Francisco,104,tags/gdpr_joke_positive.ogg.wav,1
526,2019-12-09 Singu-Hilarity in San Francisco,15,bender_joke.ogg.wav,1
527,2019-12-09 Singu-Hilarity in San Francisco,17,white_people_joke.ogg.wav,0
528,2019-12-09 Singu-Hilarity in San Francisco,18,terminator_joke.ogg.wav,1
529,2019-12-09 Singu-Hilarity in San Francisco,44,boogie.ogg.wav,0
530,2019-12-09 Singu-Hilarity in San Francisco,16,for_all_my_robots_joke.ogg.wav,1
531,2019-12-09 Singu-Hilarity in San Francisco,118,tags/robot_joke_negative_2.ogg.wav,1
532,2019-12-09 Singu-Hilarity in San Francisco,43,baha_men_joke_sanfran.wav,1
533,2019-12-09 Singu-Hilarity in San Francisco,30,robot_tinder_2.ogg.wav,0
534,2019-12-09 Singu-Hilarity in San Francisco,109,tags/robot_tinder_2_negative.ogg.wav,1
535,2019-12-09 Singu-Hilarity in San Francisco,22,big_chips_joke.ogg.wav,1
536,2019-12-09 Singu-Hilarity in San Francisco,3,siri_backpropagate.ogg.wav,1
537,2019-12-09 Singu-Hilarity in San Francisco,31,catfish_joke_2.ogg.wav,1
538,2019-12-09 Singu-Hilarity in San Francisco,101,tags/catfish_joke_positive.ogg.wav,0
539,2019-12-09 Singu-Hilarity in San Francisco,32,ip_address_joke_2.ogg.wav,1
540,2019-12-09 Singu-Hilarity in San Francisco,78,selfie_drone.ogg.wav,1
541,2019-12-09 Singu-Hilarity in San Francisco,94,vibrator.ogg.wav,0
542,2019-12-09 Singu-Hilarity in San Francisco,95,vibrator_pt_2.ogg.wav,0
543,2019-12-09 Singu-Hilarity in San Francisco,33,congratulations_youve_won_joke.wav,1
544,2019-12-09 Singu-Hilarity in San Francisco,34,congratulations_im_feeling_lucky.wav,1
545,2019-12-09 Singu-Hilarity in San Francisco,81,smoking_joke.ogg.wav,1
546,2019-12-09 Singu-Hilarity in San Francisco,20,light_bulb_joke.ogg.wav,1
547,2019-12-09 Singu-Hilarity in San Francisco,62,megaman.ogg.wav,0
548,2019-12-09 Singu-Hilarity in San Francisco,84,stripper_joke.ogg.wav,0
549,2019-12-09 Singu-Hilarity in San Francisco,86,stripper_vagina_joke.ogg.wav,0
550,2019-12-09 Singu-Hilarity in San Francisco,77,self_driving_limo.ogg.wav,1
551,2019-12-09 Singu-Hilarity in San Francisco,121,tags/self_driving_limo_positive.ogg.wav,1
552,2019-12-09 Singu-Hilarity in San Francisco,82,software_update.ogg.wav,1
553,2019-12-09 Singu-Hilarity in San Francisco,136,tags/software_update_negative.ogg.wav,1
554,2019-12-09 Singu-Hilarity in San Francisco,35,power_cord_joke.wav,0
555,2019-12-09 Singu-Hilarity in San Francisco,113,tags/power_cord_joke_negative.wav,0
556,2019-12-09 Singu-Hilarity in San Francisco,36,domain_name_joke.wav,0
557,2019-12-09 Singu-Hilarity in San Francisco,37,domain_name_dot_com.wav,0
558,2019-12-09 Singu-Hilarity in San Francisco,120,tags/megaman_positive.ogg.wav,0
559,2019-12-09 Singu-Hilarity in San Francisco,71,robot_drugs.ogg.wav,0
560,2019-12-09 Singu-Hilarity in San Francisco,123,tags/robot_drugs_positive.ogg.wav,0
561,2019-12-09 Singu-Hilarity in San Francisco,25,encryption_joke.ogg.wav,1
562,2019-12-09 Singu-Hilarity in San Francisco,102,tags/encryption_joke_positive_2.ogg.wav,0
563,2019-12-09 Singu-Hilarity in San Francisco,26,robot_sexy_times.ogg.wav,0
564,2019-12-09 Singu-Hilarity in San Francisco,27,closing_take_jobs.ogg.wav,1
565,2019-12-09 Singu-Hilarity in San Francisco,7,job_joke.ogg.wav,1
566,2019-12-09 Singu-Hilarity in San Francisco,8,inverse_kinematics_equations.ogg.wav,1
567,2019-12-09 Singu-Hilarity in San Francisco,112,tags/inverse_kinematics_equations_negative.ogg.wav,1
568,2019-12-09 Singu-Hilarity in San Francisco,9,family_joke.ogg.wav,1
569,2020-01-12 Singu-Hilarity in Corvallis,142,robot_name_joke_1.ogg.wav,0
570,2020-01-12 Singu-Hilarity in Corvallis,1,robot_name_joke_2.ogg.wav,0
571,2020-01-12 Singu-Hilarity in Corvallis,28,rent_prices_oregon.ogg.wav,0
572,2020-01-12 Singu-Hilarity in Corvallis,107,tags/rent_prices_oregon_negative.ogg.wav,1
573,2020-01-12 Singu-Hilarity in Corvallis,7,job_joke.ogg.wav,1
574,2020-01-12 Singu-Hilarity in Corvallis,8,inverse_kinematics_equations.ogg.wav,0
575,2020-01-12 Singu-Hilarity in Corvallis,112,tags/inverse_kinematics_equations_negative.ogg.wav,1
576,2020-01-12 Singu-Hilarity in Corvallis,9,family_joke.ogg.wav,1
577,2020-01-12 Singu-Hilarity in Corvallis,103,tags/family_joke_positive_2.ogg.wav,0
578,2020-01-12 Singu-Hilarity in Corvallis,70,robot_babies.ogg.wav,0
579,2020-01-12 Singu-Hilarity in Corvallis,122,tags/robot_babies_positive.ogg.wav,0
580,2020-01-12 Singu-Hilarity in Corvallis,10,too_robotic_joke.ogg.wav,1
581,2020-01-12 Singu-Hilarity in Corvallis,2,gdpr_joke.ogg.wav,0
582,2020-01-12 Singu-Hilarity in Corvallis,116,tags/too_robotic_joke_negative.wav,1
583,2020-01-12 Singu-Hilarity in Corvallis,11,c3po_joke.ogg.wav,0
584,2020-01-12 Singu-Hilarity in Corvallis,12,rosie_joke.ogg.wav,0
585,2020-01-12 Singu-Hilarity in Corvallis,13,wall-e_joke.ogg.wav,0
586,2020-01-12 Singu-Hilarity in Corvallis,14,plastic_surgery_joke.ogg.wav,1
587,2020-01-12 Singu-Hilarity in Corvallis,106,tags/plastic_surgery_joke_negative.ogg.wav,0
588,2020-01-12 Singu-Hilarity in Corvallis,15,bender_joke.ogg.wav,1
589,2020-01-12 Singu-Hilarity in Corvallis,98,washing_machine_1.ogg.wav,0
590,2020-01-12 Singu-Hilarity in Corvallis,99,washing_machine_2.ogg.wav,0
591,2020-01-12 Singu-Hilarity in Corvallis,100,washing_machine_3.ogg.wav,0
592,2020-01-12 Singu-Hilarity in Corvallis,104,tags/gdpr_joke_positive.ogg.wav,0
593,2020-01-12 Singu-Hilarity in Corvallis,16,for_all_my_robots_joke.ogg.wav,1
594,2020-01-12 Singu-Hilarity in Corvallis,118,tags/robot_joke_negative_2.ogg.wav,0
595,2020-01-12 Singu-Hilarity in Corvallis,29,baha_men_joke_oregon.ogg.wav,1
596,2020-01-12 Singu-Hilarity in Corvallis,30,robot_tinder_2.ogg.wav,1
597,2020-01-12 Singu-Hilarity in Corvallis,109,tags/robot_tinder_2_negative.ogg.wav,0
598,2020-01-12 Singu-Hilarity in Corvallis,46,floppy_1.ogg.wav,0
599,2020-01-12 Singu-Hilarity in Corvallis,47,floppy_2.ogg.wav,0
600,2020-01-12 Singu-Hilarity in Corvallis,48,floppy_3.ogg.wav,0
601,2020-01-12 Singu-Hilarity in Corvallis,49,floppy_4.ogg.wav,0
602,2020-01-12 Singu-Hilarity in Corvallis,31,catfish_joke_2.ogg.wav,1
603,2020-01-12 Singu-Hilarity in Corvallis,62,megaman.ogg.wav,0
604,2020-01-12 Singu-Hilarity in Corvallis,130,tags/catfish_joke_negative.ogg.wav,0
605,2020-01-12 Singu-Hilarity in Corvallis,57,human_date_1.ogg.wav,0
606,2020-01-12 Singu-Hilarity in Corvallis,58,human_date_2.ogg.wav,0
607,2020-01-12 Singu-Hilarity in Corvallis,59,human_date_3.ogg.wav,0
608,2020-01-12 Singu-Hilarity in Corvallis,60,human_date_4.ogg.wav,0
609,2020-01-12 Singu-Hilarity in Corvallis,92,transformers_1.ogg.wav,0
610,2020-01-12 Singu-Hilarity in Corvallis,93,transformers_2.ogg.wav,0
611,2020-01-12 Singu-Hilarity in Corvallis,33,congratulations_youve_won_joke.wav,0
612,2020-01-12 Singu-Hilarity in Corvallis,34,congratulations_im_feeling_lucky.wav,0
613,2020-01-12 Singu-Hilarity in Corvallis,56,hot_singles.ogg.wav,0
614,2020-01-12 Singu-Hilarity in Corvallis,134,tags/megaman_negative.ogg.wav,0
615,2020-01-12 Singu-Hilarity in Corvallis,20,light_bulb_joke.ogg.wav,0
616,2020-01-12 Singu-Hilarity in Corvallis,63,plane_0.ogg.wav,0
617,2020-01-12 Singu-Hilarity in Corvallis,64,plane_1.ogg.wav,0
618,2020-01-12 Singu-Hilarity in Corvallis,65,plane_2.ogg.wav,0
619,2020-01-12 Singu-Hilarity in Corvallis,66,plane_3.ogg.wav,1
620,2020-01-12 Singu-Hilarity in Corvallis,67,plane_4.ogg.wav,0
621,2020-01-12 Singu-Hilarity in Corvallis,68,plane_5.ogg.wav,0
622,2020-01-12 Singu-Hilarity in Corvallis,91,training_data.ogg.wav,0
623,2020-01-12 Singu-Hilarity in Corvallis,140,tags/training_data_negative.ogg.wav,0
624,2020-01-12 Singu-Hilarity in Corvallis,82,software_update.ogg.wav,1
625,2020-01-12 Singu-Hilarity in Corvallis,96,walken_1.ogg.wav,0
626,2020-01-12 Singu-Hilarity in Corvallis,136,tags/software_update_negative.ogg.wav,0
627,2020-01-12 Singu-Hilarity in Corvallis,25,encryption_joke.ogg.wav,0
628,2020-01-12 Singu-Hilarity in Corvallis,102,tags/encryption_joke_positive_2.ogg.wav,0
629,2020-01-12 Singu-Hilarity in Corvallis,27,closing_take_jobs.ogg.wav,0
630,2020-01-12 Singu-Hilarity in Corvallis,97,walken_2.ogg.wav,0
631,2020-01-12 Singu-Hilarity in Corvallis,4,silicon_valley_joke_pt1.wav,0
632,2020-01-12 Singu-Hilarity in Corvallis,5,silicon_valley_joke_pt2.wav,0
633,2020-01-25 Sam Bond_s Bleeping Funny,142,robot_name_joke_1.ogg.wav,0
634,2020-01-25 Sam Bond_s Bleeping Funny,1,robot_name_joke_2.ogg.wav,1
635,2020-01-25 Sam Bond_s Bleeping Funny,9,family_joke.ogg.wav,1
636,2020-01-25 Sam Bond_s Bleeping Funny,103,tags/family_joke_positive_2.ogg.wav,0
637,2020-01-25 Sam Bond_s Bleeping Funny,70,robot_babies.ogg.wav,1
638,2020-01-25 Sam Bond_s Bleeping Funny,122,tags/robot_babies_positive.ogg.wav,0
639,2020-01-25 Sam Bond_s Bleeping Funny,98,washing_machine_1.ogg.wav,1
640,2020-01-25 Sam Bond_s Bleeping Funny,99,washing_machine_2.ogg.wav,0
641,2020-01-25 Sam Bond_s Bleeping Funny,100,washing_machine_3.ogg.wav,0
642,2020-01-25 Sam Bond_s Bleeping Funny,92,transformers_1.ogg.wav,0
643,2020-01-25 Sam Bond_s Bleeping Funny,93,transformers_2.ogg.wav,1
644,2020-01-25 Sam Bond_s Bleeping Funny,33,congratulations_youve_won_joke.wav,1
645,2020-01-25 Sam Bond_s Bleeping Funny,2,gdpr_joke.ogg.wav,1
646,2020-01-25 Sam Bond_s Bleeping Funny,34,congratulations_im_feeling_lucky.wav,1
647,2020-01-25 Sam Bond_s Bleeping Funny,56,hot_singles.ogg.wav,0
648,2020-01-25 Sam Bond_s Bleeping Funny,63,plane_0.ogg.wav,0
649,2020-01-25 Sam Bond_s Bleeping Funny,64,plane_1.ogg.wav,0
650,2020-01-25 Sam Bond_s Bleeping Funny,65,plane_2.ogg.wav,1
651,2020-01-25 Sam Bond_s Bleeping Funny,66,plane_3.ogg.wav,1
652,2020-01-25 Sam Bond_s Bleeping Funny,67,plane_4.ogg.wav,1
653,2020-01-25 Sam Bond_s Bleeping Funny,68,plane_5.ogg.wav,0
654,2020-01-25 Sam Bond_s Bleeping Funny,91,training_data.ogg.wav,0
655,2020-01-25 Sam Bond_s Bleeping Funny,141,tags/training_data_positive.ogg.wav,1
656,2020-01-25 Sam Bond_s Bleeping Funny,104,tags/gdpr_joke_positive.ogg.wav,0
657,2020-01-25 Sam Bond_s Bleeping Funny,82,software_update.ogg.wav,1
658,2020-01-25 Sam Bond_s Bleeping Funny,136,tags/software_update_negative.ogg.wav,1
659,2020-01-25 Sam Bond_s Bleeping Funny,25,encryption_joke.ogg.wav,1
660,2020-01-25 Sam Bond_s Bleeping Funny,102,tags/encryption_joke_positive_2.ogg.wav,0
661,2020-01-25 Sam Bond_s Bleeping Funny,27,closing_take_jobs.ogg.wav,0
662,2020-01-25 Sam Bond_s Bleeping Funny,62,megaman.ogg.wav,0
663,2020-01-25 Sam Bond_s Bleeping Funny,120,tags/megaman_positive.ogg.wav,0
664,2020-01-25 Sam Bond_s Bleeping Funny,96,walken_1.ogg.wav,0
665,2020-01-25 Sam Bond_s Bleeping Funny,97,walken_2.ogg.wav,0
666,2020-01-25 Sam Bond_s Bleeping Funny,8,inverse_kinematics_equations.ogg.wav,0
667,2020-01-25 Sam Bond_s Bleeping Funny,105,tags/inverse_kinematics_equations_positive_2.ogg.wav,0
668,2020-01-29 Class Performance,142,robot_name_joke_1.ogg.wav,0
669,2020-01-29 Class Performance,1,robot_name_joke_2.ogg.wav,0
670,2020-01-29 Class Performance,92,transformers_1.ogg.wav,0
671,2020-01-29 Class Performance,93,transformers_2.ogg.wav,1
672,2020-01-29 Class Performance,63,plane_0.ogg.wav,0
673,2020-01-29 Class Performance,64,plane_1.ogg.wav,0
674,2020-01-29 Class Performance,65,plane_2.ogg.wav,0
675,2020-01-29 Class Performance,66,plane_3.ogg.wav,0
676,2020-01-29 Class Performance,67,plane_4.ogg.wav,0
677,2020-01-29 Class Performance,68,plane_5.ogg.wav,0
678,2020-01-29 Class Performance,91,training_data.ogg.wav,0
679,2020-01-29 Class Performance,140,tags/training_data_negative.ogg.wav,0
680,2020-01-29 Class Performance,2,gdpr_joke.ogg.wav,0
681,2020-01-29 Class Performance,82,software_update.ogg.wav,1
682,2020-01-29 Class Performance,136,tags/software_update_negative.ogg.wav,0
683,2020-01-29 Class Performance,27,closing_take_jobs.ogg.wav,0
684,2020-01-29 Class Performance,104,tags/gdpr_joke_positive.ogg.wav,0
685,2020-01-29 Class Performance,8,inverse_kinematics_equations.ogg.wav,0
686,2020-01-29 Class Performance,112,tags/inverse_kinematics_equations_negative.ogg.wav,0
687,2020-01-29 Class Performance,9,family_joke.ogg.wav,0
688,2020-01-29 Class Performance,103,tags/family_joke_positive_2.ogg.wav,0
689,2020-01-29 Class Performance,70,robot_babies.ogg.wav,0
690,2020-01-29 Class Performance,133,tags/killing_joke_negative.wav,1
691,2020-01-31 Mt Caz,142,robot_name_joke_1.ogg.wav,0
692,2020-01-31 Mt Caz,1,robot_name_joke_2.ogg.wav,1
693,2020-01-31 Mt Caz,5,silicon_valley_joke_pt2.wav,0
694,2020-01-31 Mt Caz,28,rent_prices_oregon.ogg.wav,1
695,2020-01-31 Mt Caz,139,tags/rent_prices_oregon_positive.ogg.wav,0
696,2020-01-31 Mt Caz,7,job_joke.ogg.wav,1
697,2020-01-31 Mt Caz,8,inverse_kinematics_equations.ogg.wav,1
698,2020-01-31 Mt Caz,105,tags/inverse_kinematics_equations_positive_2.ogg.wav,0
699,2020-01-31 Mt Caz,9,family_joke.ogg.wav,1
700,2020-01-31 Mt Caz,103,tags/family_joke_positive_2.ogg.wav,0
701,2020-01-31 Mt Caz,70,robot_babies.ogg.wav,0
702,2020-01-31 Mt Caz,122,tags/robot_babies_positive.ogg.wav,0
703,2020-01-31 Mt Caz,2,gdpr_joke.ogg.wav,1
704,2020-01-31 Mt Caz,50,ganja_1.ogg.wav,1
705,2020-01-31 Mt Caz,51,ganja_2.ogg.wav,1
706,2020-01-31 Mt Caz,52,ganja_3.ogg.wav,0
707,2020-01-31 Mt Caz,10,too_robotic_joke.ogg.wav,1
708,2020-01-31 Mt Caz,116,tags/too_robotic_joke_negative.wav,1
709,2020-01-31 Mt Caz,11,c3po_joke.ogg.wav,0
710,2020-01-31 Mt Caz,12,rosie_joke.ogg.wav,0
711,2020-01-31 Mt Caz,13,wall-e_joke.ogg.wav,0
712,2020-01-31 Mt Caz,14,plastic_surgery_joke.ogg.wav,1
713,2020-01-31 Mt Caz,106,tags/plastic_surgery_joke_negative.ogg.wav,1
714,2020-01-31 Mt Caz,104,tags/gdpr_joke_positive.ogg.wav,1
715,2020-01-31 Mt Caz,15,bender_joke.ogg.wav,1
716,2020-01-31 Mt Caz,17,white_people_joke.ogg.wav,0
717,2020-01-31 Mt Caz,18,terminator_joke.ogg.wav,1
718,2020-01-31 Mt Caz,44,boogie.ogg.wav,1
719,2020-01-31 Mt Caz,98,washing_machine_1.ogg.wav,0
720,2020-01-31 Mt Caz,99,washing_machine_2.ogg.wav,1
721,2020-01-31 Mt Caz,100,washing_machine_3.ogg.wav,0
722,2020-01-31 Mt Caz,16,for_all_my_robots_joke.ogg.wav,1
723,2020-01-31 Mt Caz,30,robot_tinder_2.ogg.wav,1
724,2020-01-31 Mt Caz,22,big_chips_joke.ogg.wav,1
725,2020-01-31 Mt Caz,3,siri_backpropagate.ogg.wav,1
726,2020-01-31 Mt Caz,46,floppy_1.ogg.wav,0
727,2020-01-31 Mt Caz,47,floppy_2.ogg.wav,0
728,2020-01-31 Mt Caz,48,floppy_3.ogg.wav,0
729,2020-01-31 Mt Caz,49,floppy_4.ogg.wav,0
730,2020-01-31 Mt Caz,31,catfish_joke_2.ogg.wav,1
731,2020-01-31 Mt Caz,101,tags/catfish_joke_positive.ogg.wav,0
732,2020-01-31 Mt Caz,57,human_date_1.ogg.wav,0
733,2020-01-31 Mt Caz,58,human_date_2.ogg.wav,0
734,2020-01-31 Mt Caz,59,human_date_3.ogg.wav,0
735,2020-01-31 Mt Caz,60,human_date_4.ogg.wav,0
736,2020-01-31 Mt Caz,62,megaman.ogg.wav,0
737,2020-01-31 Mt Caz,32,ip_address_joke_2.ogg.wav,0
738,2020-01-31 Mt Caz,78,selfie_drone.ogg.wav,1
739,2020-01-31 Mt Caz,92,transformers_1.ogg.wav,1
740,2020-01-31 Mt Caz,93,transformers_2.ogg.wav,1
741,2020-01-31 Mt Caz,33,congratulations_youve_won_joke.wav,1
742,2020-01-31 Mt Caz,34,congratulations_im_feeling_lucky.wav,1
743,2020-01-31 Mt Caz,56,hot_singles.ogg.wav,0
744,2020-01-31 Mt Caz,81,smoking_joke.ogg.wav,0
745,2020-01-31 Mt Caz,20,light_bulb_joke.ogg.wav,1
746,2020-01-31 Mt Caz,63,plane_0.ogg.wav,1
747,2020-01-31 Mt Caz,120,tags/megaman_positive.ogg.wav,0
748,2020-01-31 Mt Caz,64,plane_1.ogg.wav,0
749,2020-01-31 Mt Caz,65,plane_2.ogg.wav,0
750,2020-01-31 Mt Caz,66,plane_3.ogg.wav,0
751,2020-01-31 Mt Caz,67,plane_4.ogg.wav,0
752,2020-01-31 Mt Caz,68,plane_5.ogg.wav,0
753,2020-01-31 Mt Caz,91,training_data.ogg.wav,0
754,2020-01-31 Mt Caz,141,tags/training_data_positive.ogg.wav,1
755,2020-01-31 Mt Caz,35,power_cord_joke.wav,0
756,2020-01-31 Mt Caz,113,tags/power_cord_joke_negative.wav,0
757,2020-01-31 Mt Caz,36,domain_name_joke.wav,0
758,2020-01-31 Mt Caz,96,walken_1.ogg.wav,0
759,2020-01-31 Mt Caz,37,domain_name_dot_com.wav,0
760,2020-01-31 Mt Caz,71,robot_drugs.ogg.wav,1
761,2020-01-31 Mt Caz,123,tags/robot_drugs_positive.ogg.wav,0
762,2020-01-31 Mt Caz,25,encryption_joke.ogg.wav,1
763,2020-01-31 Mt Caz,102,tags/encryption_joke_positive_2.ogg.wav,0
764,2020-01-31 Mt Caz,27,closing_take_jobs.ogg.wav,0
765,2020-01-31 Mt Caz,97,walken_2.ogg.wav,0
766,2020-01-31 Mt Caz,4,silicon_valley_joke_pt1.wav,0
767,2020-02-19 Soundbox,1,robot_name_joke_2.ogg.wav,0
768,2020-02-19 Soundbox,2,gdpr_joke.ogg.wav,0
769,2020-02-19 Soundbox,28,rent_prices_oregon.ogg.wav,0
770,2020-02-19 Soundbox,107,tags/rent_prices_oregon_negative.ogg.wav,0
771,2020-02-19 Soundbox,7,job_joke.ogg.wav,0
772,2020-02-19 Soundbox,8,inverse_kinematics_equations.ogg.wav,0
773,2020-02-19 Soundbox,112,tags/inverse_kinematics_equations_negative.ogg.wav,0
774,2020-02-19 Soundbox,9,family_joke.ogg.wav,0
775,2020-02-19 Soundbox,70,robot_babies.ogg.wav,0
776,2020-02-19 Soundbox,133,tags/killing_joke_negative.wav,0
777,2020-02-19 Soundbox,50,ganja_1.ogg.wav,0
778,2020-02-19 Soundbox,51,ganja_2.ogg.wav,0
779,2020-02-19 Soundbox,104,tags/gdpr_joke_positive.ogg.wav,0
780,2020-02-19 Soundbox,52,ganja_3.ogg.wav,0
781,2020-02-19 Soundbox,10,too_robotic_joke.ogg.wav,0
782,2020-02-19 Soundbox,116,tags/too_robotic_joke_negative.wav,0
783,2020-02-19 Soundbox,11,c3po_joke.ogg.wav,0
784,2020-02-19 Soundbox,12,rosie_joke.ogg.wav,0
785,2020-02-19 Soundbox,13,wall-e_joke.ogg.wav,0
786,2020-02-19 Soundbox,14,plastic_surgery_joke.ogg.wav,0
787,2020-02-19 Soundbox,106,tags/plastic_surgery_joke_negative.ogg.wav,0
788,2020-02-19 Soundbox,15,bender_joke.ogg.wav,0
789,2020-02-19 Soundbox,17,white_people_joke.ogg.wav,0
790,2020-02-19 Soundbox,3,siri_backpropagate.ogg.wav,0
791,2020-02-19 Soundbox,18,terminator_joke.ogg.wav,0
792,2020-02-19 Soundbox,117,tags/white_people_joke_negative.ogg.wav,0
793,2020-02-19 Soundbox,44,boogie.ogg.wav,0
794,2020-02-19 Soundbox,98,washing_machine_1.ogg.wav,0
795,2020-02-19 Soundbox,99,washing_machine_2.ogg.wav,0
796,2020-02-19 Soundbox,100,washing_machine_3.ogg.wav,0
797,2020-02-19 Soundbox,16,for_all_my_robots_joke.ogg.wav,0
798,2020-02-19 Soundbox,118,tags/robot_joke_negative_2.ogg.wav,0
799,2020-02-19 Soundbox,30,robot_tinder_2.ogg.wav,0
800,2020-02-19 Soundbox,109,tags/robot_tinder_2_negative.ogg.wav,0
801,2020-02-19 Soundbox,62,megaman.ogg.wav,0
802,2020-02-19 Soundbox,22,big_chips_joke.ogg.wav,0
803,2020-02-19 Soundbox,46,floppy_1.ogg.wav,0
804,2020-02-19 Soundbox,47,floppy_2.ogg.wav,0
805,2020-02-19 Soundbox,48,floppy_3.ogg.wav,0
806,2020-02-19 Soundbox,49,floppy_4.ogg.wav,0
807,2020-02-19 Soundbox,31,catfish_joke_2.ogg.wav,0
808,2020-02-19 Soundbox,130,tags/catfish_joke_negative.ogg.wav,0
809,2020-02-19 Soundbox,57,human_date_1.ogg.wav,0
810,2020-02-19 Soundbox,58,human_date_2.ogg.wav,0
811,2020-02-19 Soundbox,59,human_date_3.ogg.wav,0
812,2020-02-19 Soundbox,134,tags/megaman_negative.ogg.wav,0
813,2020-02-19 Soundbox,60,human_date_4.ogg.wav,0
814,2020-02-19 Soundbox,32,ip_address_joke_2.ogg.wav,0
815,2020-02-19 Soundbox,78,selfie_drone.ogg.wav,0
816,2020-02-19 Soundbox,92,transformers_1.ogg.wav,0
817,2020-02-19 Soundbox,93,transformers_2.ogg.wav,0
818,2020-02-19 Soundbox,33,congratulations_youve_won_joke.wav,0
819,2020-02-19 Soundbox,34,congratulations_im_feeling_lucky.wav,0
820,2020-02-19 Soundbox,56,hot_singles.ogg.wav,0
821,2020-02-19 Soundbox,81,smoking_joke.ogg.wav,0
822,2020-02-19 Soundbox,20,light_bulb_joke.ogg.wav,0
823,2020-02-19 Soundbox,96,walken_1.ogg.wav,0
824,2020-02-19 Soundbox,63,plane_0.ogg.wav,0
825,2020-02-19 Soundbox,64,plane_1.ogg.wav,0
826,2020-02-19 Soundbox,65,plane_2.ogg.wav,0
827,2020-02-19 Soundbox,66,plane_3.ogg.wav,0
828,2020-02-19 Soundbox,67,plane_4.ogg.wav,0
829,2020-02-19 Soundbox,68,plane_5.ogg.wav,0
830,2020-02-19 Soundbox,91,training_data.ogg.wav,0
831,2020-02-19 Soundbox,140,tags/training_data_negative.ogg.wav,0
832,2020-02-19 Soundbox,35,power_cord_joke.wav,0
833,2020-02-19 Soundbox,113,tags/power_cord_joke_negative.wav,0
834,2020-02-19 Soundbox,97,walken_2.ogg.wav,0
835,2020-02-19 Soundbox,36,domain_name_joke.wav,0
836,2020-02-19 Soundbox,37,domain_name_dot_com.wav,0
837,2020-02-19 Soundbox,71,robot_drugs.ogg.wav,0
838,2020-02-19 Soundbox,135,tags/robot_drugs_negative.ogg.wav,0
839,2020-02-19 Soundbox,25,encryption_joke.ogg.wav,0
840,2020-02-19 Soundbox,27,closing_take_jobs.ogg.wav,0
841,2020-02-19 Soundbox,4,silicon_valley_joke_pt1.wav,0
842,2020-02-19 Soundbox,5,silicon_valley_joke_pt2.wav,0
843,2020-03-04 Bombs Away,1,robot_name_joke_2.ogg.wav,0
844,2020-03-04 Bombs Away,2,gdpr_joke.ogg.wav,0
845,2020-03-04 Bombs Away,122,tags/robot_babies_positive.ogg.wav,0
846,2020-03-04 Bombs Away,50,ganja_1.ogg.wav,0
847,2020-03-04 Bombs Away,51,ganja_2.ogg.wav,0
848,2020-03-04 Bombs Away,52,ganja_3.ogg.wav,0
849,2020-03-04 Bombs Away,30,robot_tinder_2.ogg.wav,0
850,2020-03-04 Bombs Away,124,tags/robot_tinder_2_positive.ogg.wav,0
851,2020-03-04 Bombs Away,46,floppy_1.ogg.wav,0
852,2020-03-04 Bombs Away,47,floppy_2.ogg.wav,0
853,2020-03-04 Bombs Away,48,floppy_3.ogg.wav,0
854,2020-03-04 Bombs Away,49,floppy_4.ogg.wav,0
855,2020-03-04 Bombs Away,104,tags/gdpr_joke_positive.ogg.wav,0
856,2020-03-04 Bombs Away,92,transformers_1.ogg.wav,0
857,2020-03-04 Bombs Away,93,transformers_2.ogg.wav,0
858,2020-03-04 Bombs Away,33,congratulations_youve_won_joke.wav,0
859,2020-03-04 Bombs Away,34,congratulations_im_feeling_lucky.wav,0
860,2020-03-04 Bombs Away,56,hot_singles.ogg.wav,0
861,2020-03-04 Bombs Away,63,plane_0.ogg.wav,0
862,2020-03-04 Bombs Away,64,plane_1.ogg.wav,0
863,2020-03-04 Bombs Away,65,plane_2.ogg.wav,0
864,2020-03-04 Bombs Away,66,plane_3.ogg.wav,0
865,2020-03-04 Bombs Away,67,plane_4.ogg.wav,0
866,2020-03-04 Bombs Away,62,megaman.ogg.wav,0
867,2020-03-04 Bombs Away,68,plane_5.ogg.wav,0
868,2020-03-04 Bombs Away,91,training_data.ogg.wav,0
869,2020-03-04 Bombs Away,140,tags/training_data_negative.ogg.wav,0
870,2020-03-04 Bombs Away,82,software_update.ogg.wav,0
871,2020-03-04 Bombs Away,125,tags/software_update_positive.ogg.wav,0
872,2020-03-04 Bombs Away,27,closing_take_jobs.ogg.wav,0
873,2020-03-04 Bombs Away,120,tags/megaman_positive.ogg.wav,0
874,2020-03-04 Bombs Away,96,walken_1.ogg.wav,0
875,2020-03-04 Bombs Away,97,walken_2.ogg.wav,0
876,2020-03-04 Bombs Away,9,family_joke.ogg.wav,0
877,2020-03-04 Bombs Away,103,tags/family_joke_positive_2.ogg.wav,0
878,2020-03-04 Bombs Away,70,robot_babies.ogg.wav,0
879,2019-04-18 Bombs Away Cafe,1,robot_name_joke_2.ogg.wav,1
880,2019-04-18 Bombs Away Cafe,4,silicon_valley_joke_pt1.wav,0
881,2019-04-18 Bombs Away Cafe,16,for_all_my_robots_joke.ogg.wav,1
882,2019-04-18 Bombs Away Cafe,108,tags/robot_joke_positive.wav,0
883,2019-04-18 Bombs Away Cafe,30,robot_tinder_2.ogg.wav,1
884,2019-04-18 Bombs Away Cafe,124,tags/robot_tinder_2_positive.ogg.wav,1
885,2019-04-18 Bombs Away Cafe,31,catfish_joke_2.ogg.wav,1
886,2019-04-18 Bombs Away Cafe,101,tags/catfish_joke_positive.ogg.wav,0
887,2019-04-18 Bombs Away Cafe,35,power_cord_joke.wav,0
888,2019-04-18 Bombs Away Cafe,115,tags/power_cord_joke_positive.wav,1
889,2019-04-18 Bombs Away Cafe,36,domain_name_joke.wav,0
890,2019-04-18 Bombs Away Cafe,37,domain_name_dot_com.wav,0
891,2019-04-18 Bombs Away Cafe,5,silicon_valley_joke_pt2.wav,0
892,2019-04-18 Bombs Away Cafe,27,closing_take_jobs.ogg.wav,0
893,2019-04-18 Bombs Away Cafe,9,family_joke.ogg.wav,1
894,2019-04-18 Bombs Away Cafe,103,tags/family_joke_positive_2.ogg.wav,0
895,2019-04-18 Bombs Away Cafe,33,congratulations_youve_won_joke.wav,1
896,2019-04-18 Bombs Away Cafe,34,congratulations_im_feeling_lucky.wav,1
897,2019-04-18 Bombs Away Cafe,29,baha_men_joke_oregon.ogg.wav,1
898,2019-04-18 Bombs Away Cafe,114,tags/killing_tag.wav,1
899,2019-04-18 Bombs Away Cafe,39,420_joke.wav,0
900,2019-04-19 Addison Performance (Weird),1,robot_name_joke_2.ogg.wav,0
901,2019-04-19 Addison Performance (Weird),2,gdpr_joke.ogg.wav,0
902,2019-04-19 Addison Performance (Weird),33,congratulations_youve_won_joke.wav,0
903,2019-04-19 Addison Performance (Weird),34,congratulations_im_feeling_lucky.wav,0
904,2019-04-19 Addison Performance (Weird),9,family_joke.ogg.wav,0
905,2019-04-19 Addison Performance (Weird),10,too_robotic_joke.ogg.wav,0
906,2019-04-19 Addison Performance (Weird),116,tags/too_robotic_joke_negative.wav,0
907,2019-04-19 Addison Performance (Weird),11,c3po_joke.ogg.wav,0
908,2019-04-19 Addison Performance (Weird),12,rosie_joke.ogg.wav,0
909,2019-04-19 Addison Performance (Weird),13,wall-e_joke.ogg.wav,0
910,2019-04-19 Addison Performance (Weird),14,plastic_surgery_joke.ogg.wav,0
911,2019-04-19 Addison Performance (Weird),106,tags/plastic_surgery_joke_negative.ogg.wav,0
912,2019-04-19 Addison Performance (Weird),3,siri_backpropagate.ogg.wav,0
913,2019-04-19 Addison Performance (Weird),15,bender_joke.ogg.wav,0
914,2019-04-19 Addison Performance (Weird),16,for_all_my_robots_joke.ogg.wav,0
915,2019-04-19 Addison Performance (Weird),118,tags/robot_joke_negative_2.ogg.wav,0
916,2019-04-19 Addison Performance (Weird),17,white_people_joke.ogg.wav,0
917,2019-04-19 Addison Performance (Weird),18,terminator_joke.ogg.wav,0
918,2019-04-19 Addison Performance (Weird),117,tags/white_people_joke_negative.ogg.wav,0
919,2019-04-19 Addison Performance (Weird),29,baha_men_joke_oregon.ogg.wav,0
920,2019-04-19 Addison Performance (Weird),133,tags/killing_joke_negative.wav,0
921,2019-04-19 Addison Performance (Weird),20,light_bulb_joke.ogg.wav,0
922,2019-04-19 Addison Performance (Weird),30,robot_tinder_2.ogg.wav,0
923,2019-04-19 Addison Performance (Weird),4,silicon_valley_joke_pt1.wav,0
924,2019-04-19 Addison Performance (Weird),109,tags/robot_tinder_2_negative.ogg.wav,0
925,2019-04-19 Addison Performance (Weird),22,big_chips_joke.ogg.wav,0
926,2019-04-19 Addison Performance (Weird),31,catfish_joke_2.ogg.wav,0
927,2019-04-19 Addison Performance (Weird),130,tags/catfish_joke_negative.ogg.wav,0
928,2019-04-19 Addison Performance (Weird),32,ip_address_joke_2.ogg.wav,0
929,2019-04-19 Addison Performance (Weird),25,encryption_joke.ogg.wav,0
930,2019-04-19 Addison Performance (Weird),131,tags/encryption_joke_negative_2.ogg.wav,0
931,2019-04-19 Addison Performance (Weird),35,power_cord_joke.wav,0
932,2019-04-19 Addison Performance (Weird),113,tags/power_cord_joke_negative.wav,0
933,2019-04-19 Addison Performance (Weird),36,domain_name_joke.wav,0
934,2019-04-19 Addison Performance (Weird),5,silicon_valley_joke_pt2.wav,0
935,2019-04-19 Addison Performance (Weird),37,domain_name_dot_com.wav,0
936,2019-04-19 Addison Performance (Weird),27,closing_take_jobs.ogg.wav,0
937,2019-04-19 Addison Performance (Weird),28,rent_prices_oregon.ogg.wav,0
938,2019-04-19 Addison Performance (Weird),107,tags/rent_prices_oregon_negative.ogg.wav,0
939,2019-04-19 Addison Performance (Weird),7,job_joke.ogg.wav,0
940,2019-04-19 Addison Performance (Weird),8,inverse_kinematics_equations.ogg.wav,0
941,2019-04-19 Addison Performance (Weird),112,tags/inverse_kinematics_equations_negative.ogg.wav,0
942,2019-04-19 Singu-hilarity,1,robot_name_joke_2.ogg.wav,1
943,2019-04-19 Singu-hilarity,2,gdpr_joke.ogg.wav,0
944,2019-04-19 Singu-hilarity,112,tags/inverse_kinematics_equations_negative.ogg.wav,1
945,2019-04-19 Singu-hilarity,33,congratulations_youve_won_joke.wav,1
946,2019-04-19 Singu-hilarity,34,congratulations_im_feeling_lucky.wav,0
947,2019-04-19 Singu-hilarity,9,family_joke.ogg.wav,1
948,2019-04-19 Singu-hilarity,103,tags/family_joke_positive_2.ogg.wav,0
949,2019-04-19 Singu-hilarity,10,too_robotic_joke.ogg.wav,1
950,2019-04-19 Singu-hilarity,116,tags/too_robotic_joke_negative.wav,1
951,2019-04-19 Singu-hilarity,11,c3po_joke.ogg.wav,0
952,2019-04-19 Singu-hilarity,12,rosie_joke.ogg.wav,0
953,2019-04-19 Singu-hilarity,13,wall-e_joke.ogg.wav,1
954,2019-04-19 Singu-hilarity,104,tags/gdpr_joke_positive.ogg.wav,0
955,2019-04-19 Singu-hilarity,14,plastic_surgery_joke.ogg.wav,1
956,2019-04-19 Singu-hilarity,106,tags/plastic_surgery_joke_negative.ogg.wav,1
957,2019-04-19 Singu-hilarity,15,bender_joke.ogg.wav,1
958,2019-04-19 Singu-hilarity,16,for_all_my_robots_joke.ogg.wav,0
959,2019-04-19 Singu-hilarity,108,tags/robot_joke_positive.wav,0
960,2019-04-19 Singu-hilarity,17,white_people_joke.ogg.wav,0
961,2019-04-19 Singu-hilarity,18,terminator_joke.ogg.wav,1
962,2019-04-19 Singu-hilarity,117,tags/white_people_joke_negative.ogg.wav,0
963,2019-04-19 Singu-hilarity,29,baha_men_joke_oregon.ogg.wav,1
964,2019-04-19 Singu-hilarity,20,light_bulb_joke.ogg.wav,1
965,2019-04-19 Singu-hilarity,3,siri_backpropagate.ogg.wav,1
966,2019-04-19 Singu-hilarity,30,robot_tinder_2.ogg.wav,1
967,2019-04-19 Singu-hilarity,109,tags/robot_tinder_2_negative.ogg.wav,1
968,2019-04-19 Singu-hilarity,22,big_chips_joke.ogg.wav,1
969,2019-04-19 Singu-hilarity,31,catfish_joke_2.ogg.wav,1
970,2019-04-19 Singu-hilarity,32,ip_address_joke_2.ogg.wav,1
971,2019-04-19 Singu-hilarity,25,encryption_joke.ogg.wav,1
972,2019-04-19 Singu-hilarity,102,tags/encryption_joke_positive_2.ogg.wav,1
973,2019-04-19 Singu-hilarity,35,power_cord_joke.wav,0
974,2019-04-19 Singu-hilarity,113,tags/power_cord_joke_negative.wav,1
975,2019-04-19 Singu-hilarity,36,domain_name_joke.wav,0
976,2019-04-19 Singu-hilarity,4,silicon_valley_joke_pt1.wav,0
977,2019-04-19 Singu-hilarity,37,domain_name_dot_com.wav,0
978,2019-04-19 Singu-hilarity,27,closing_take_jobs.ogg.wav,0
979,2019-04-19 Singu-hilarity,5,silicon_valley_joke_pt2.wav,0
980,2019-04-19 Singu-hilarity,28,rent_prices_oregon.ogg.wav,0
981,2019-04-19 Singu-hilarity,107,tags/rent_prices_oregon_negative.ogg.wav,0
982,2019-04-19 Singu-hilarity,7,job_joke.ogg.wav,0
983,2019-04-19 Singu-hilarity,8,inverse_kinematics_equations.ogg.wav,0
984,2019-04-22 Class Performance,1,robot_name_joke_2.ogg.wav,0
985,2019-04-22 Class Performance,2,gdpr_joke.ogg.wav,0
986,2019-04-22 Class Performance,103,tags/family_joke_positive_2.ogg.wav,0
987,2019-04-22 Class Performance,10,too_robotic_joke.ogg.wav,0
988,2019-04-22 Class Performance,116,tags/too_robotic_joke_negative.wav,0
989,2019-04-22 Class Performance,11,c3po_joke.ogg.wav,0
990,2019-04-22 Class Performance,12,rosie_joke.ogg.wav,0
991,2019-04-22 Class Performance,13,wall-e_joke.ogg.wav,0
992,2019-04-22 Class Performance,14,plastic_surgery_joke.ogg.wav,1
993,2019-04-22 Class Performance,106,tags/plastic_surgery_joke_negative.ogg.wav,0
994,2019-04-22 Class Performance,16,for_all_my_robots_joke.ogg.wav,0
995,2019-04-22 Class Performance,118,tags/robot_joke_negative_2.ogg.wav,0
996,2019-04-22 Class Performance,104,tags/gdpr_joke_positive.ogg.wav,0
997,2019-04-22 Class Performance,27,closing_take_jobs.ogg.wav,0
998,2019-04-22 Class Performance,4,silicon_valley_joke_pt1.wav,0
999,2019-04-22 Class Performance,5,silicon_valley_joke_pt2.wav,0
1000,2019-04-22 Class Performance,8,inverse_kinematics_equations.ogg.wav,0
1001,2019-04-22 Class Performance,112,tags/inverse_kinematics_equations_negative.ogg.wav,0
1002,2019-04-22 Class Performance,33,congratulations_youve_won_joke.wav,0
1003,2019-04-22 Class Performance,34,congratulations_im_feeling_lucky.wav,1
1004,2019-04-22 Class Performance,9,family_joke.ogg.wav,0
1005,2019-05-16 Bombs Away Cafe,1,robot_name_joke_2.ogg.wav,1
1006,2019-05-16 Bombs Away Cafe,2,gdpr_joke.ogg.wav,1
1007,2019-05-16 Bombs Away Cafe,3,siri_backpropagate.ogg.wav,1
1008,2019-05-16 Bombs Away Cafe,8,inverse_kinematics_equations.ogg.wav,1
1009,2019-05-16 Bombs Away Cafe,9,family_joke.ogg.wav,1
1010,2019-05-16 Bombs Away Cafe,20,light_bulb_joke.ogg.wav,1
1011,2019-05-16 Bombs Away Cafe,30,robot_tinder_2.ogg.wav,1
1012,2019-05-16 Bombs Away Cafe,22,big_chips_joke.ogg.wav,1
1013,2019-05-16 Bombs Away Cafe,27,closing_take_jobs.ogg.wav,0
1014,2019-06-19 Trek Theater,1,robot_name_joke_2.ogg.wav,0
1015,2019-06-19 Trek Theater,2,gdpr_joke.ogg.wav,0
1016,2019-06-19 Trek Theater,11,c3po_joke.ogg.wav,0
1017,2019-06-19 Trek Theater,12,rosie_joke.ogg.wav,0
1018,2019-06-19 Trek Theater,13,wall-e_joke.ogg.wav,0
1019,2019-06-19 Trek Theater,14,plastic_surgery_joke.ogg.wav,0
1020,2019-06-19 Trek Theater,15,bender_joke.ogg.wav,0
1021,2019-06-19 Trek Theater,16,for_all_my_robots_joke.ogg.wav,0
1022,2019-06-19 Trek Theater,17,white_people_joke.ogg.wav,0
1023,2019-06-19 Trek Theater,18,terminator_joke.ogg.wav,0
1024,2019-06-19 Trek Theater,29,baha_men_joke_oregon.ogg.wav,0
1025,2019-06-19 Trek Theater,20,light_bulb_joke.ogg.wav,0
1026,2019-06-19 Trek Theater,3,siri_backpropagate.ogg.wav,0
1027,2019-06-19 Trek Theater,30,robot_tinder_2.ogg.wav,0
1028,2019-06-19 Trek Theater,22,big_chips_joke.ogg.wav,0
1029,2019-06-19 Trek Theater,31,catfish_joke_2.ogg.wav,0
1030,2019-06-19 Trek Theater,32,ip_address_joke_2.ogg.wav,0
1031,2019-06-19 Trek Theater,25,encryption_joke.ogg.wav,0
1032,2019-06-19 Trek Theater,26,robot_sexy_times.ogg.wav,0
1033,2019-06-19 Trek Theater,33,congratulations_youve_won_joke.wav,0
1034,2019-06-19 Trek Theater,34,congratulations_im_feeling_lucky.wav,0
1035,2019-06-19 Trek Theater,35,power_cord_joke.wav,0
1036,2019-06-19 Trek Theater,36,domain_name_joke.wav,0
1037,2019-06-19 Trek Theater,4,silicon_valley_joke_pt1.wav,0
1038,2019-06-19 Trek Theater,37,domain_name_dot_com.wav,0
1039,2019-06-19 Trek Theater,27,closing_take_jobs.ogg.wav,0
1040,2019-06-19 Trek Theater,5,silicon_valley_joke_pt2.wav,0
1041,2019-06-19 Trek Theater,28,rent_prices_oregon.ogg.wav,0
1042,2019-06-19 Trek Theater,7,job_joke.ogg.wav,0
1043,2019-06-19 Trek Theater,8,inverse_kinematics_equations.ogg.wav,0
1044,2019-06-19 Trek Theater,9,family_joke.ogg.wav,0
1045,2019-06-19 Trek Theater,10,too_robotic_joke.ogg.wav,0
1046,2019-06-20 Bombs Away Cafe,1,robot_name_joke_2.ogg.wav,0
1047,2019-06-20 Bombs Away Cafe,20,light_bulb_joke.ogg.wav,0
1048,2019-06-20 Bombs Away Cafe,35,power_cord_joke.wav,1
1049,2019-06-20 Bombs Away Cafe,36,domain_name_joke.wav,0
1050,2019-06-20 Bombs Away Cafe,37,domain_name_dot_com.wav,0
1051,2019-06-20 Bombs Away Cafe,27,closing_take_jobs.ogg.wav,0
1052,2019-06-20 Bombs Away Cafe,33,congratulations_youve_won_joke.wav,1
1053,2019-06-20 Bombs Away Cafe,34,congratulations_im_feeling_lucky.wav,1
1054,2019-06-20 Bombs Away Cafe,30,robot_tinder_2.ogg.wav,0
1055,2019-06-20 Bombs Away Cafe,22,big_chips_joke.ogg.wav,1
1056,2019-06-20 Bombs Away Cafe,31,catfish_joke_2.ogg.wav,1
1057,2019-06-20 Bombs Away Cafe,32,ip_address_joke_2.ogg.wav,0
1058,2019-06-20 Bombs Away Cafe,25,encryption_joke.ogg.wav,1
1059,2019-06-20 Bombs Away Cafe,26,robot_sexy_times.ogg.wav,1
