Performance,JokeId,Joke,HumanScore
2019-01-30 Class Performance (Weird),1,robot_name_joke_2.ogg.wav,0
2019-01-30 Class Performance (Weird),2,gdpr_joke.ogg.wav,0
2019-01-30 Class Performance (Weird),12,rosie_joke.ogg.wav,0
2019-01-30 Class Performance (Weird),13,wall-e_joke.ogg.wav,0
2019-01-30 Class Performance (Weird),14,plastic_surgery_joke.ogg.wav,0
2019-01-30 Class Performance (Weird),106,tags/plastic_surgery_joke_negative.ogg.wav,0
2019-01-30 Class Performance (Weird),16,for_all_my_robots_joke.ogg.wav,0
2019-01-30 Class Performance (Weird),137,tags/robot_joke_negative.ogg.wav,0
2019-01-30 Class Performance (Weird),27,closing_take_jobs.ogg.wav,0
2019-01-30 Class Performance (Weird),4,silicon_valley_joke_pt1.wav,0
2019-01-30 Class Performance (Weird),5,silicon_valley_joke_pt2.wav,0
2019-01-30 Class Performance (Weird),8,inverse_kinematics_equations.ogg.wav,0
2019-01-30 Class Performance (Weird),112,tags/inverse_kinematics_equations_negative.ogg.wav,0
2019-01-30 Class Performance (Weird),9,family_joke.ogg.wav,0
2019-01-30 Class Performance (Weird),10,too_robotic_joke.ogg.wav,0
2019-01-30 Class Performance (Weird),116,tags/too_robotic_joke_negative.wav,0
2019-01-30 Class Performance (Weird),11,c3po_joke.ogg.wav,0
2019-08-15 Bombs Away Cafe,1,robot_name_joke_2.ogg.wav,0
2019-08-15 Bombs Away Cafe,2,gdpr_joke.ogg.wav,0
2019-08-15 Bombs Away Cafe,105,tags/inverse_kinematics_equations_positive_2.ogg.wav,0
2019-08-15 Bombs Away Cafe,9,family_joke.ogg.wav,0
2019-08-15 Bombs Away Cafe,103,tags/family_joke_positive_2.ogg.wav,0
2019-08-15 Bombs Away Cafe,10,too_robotic_joke.ogg.wav,0
2019-08-15 Bombs Away Cafe,116,tags/too_robotic_joke_negative.wav,1
2019-08-15 Bombs Away Cafe,11,c3po_joke.ogg.wav,0
2019-08-15 Bombs Away Cafe,12,rosie_joke.ogg.wav,0
2019-08-15 Bombs Away Cafe,13,wall-e_joke.ogg.wav,1
2019-08-15 Bombs Away Cafe,14,plastic_surgery_joke.ogg.wav,0
2019-08-15 Bombs Away Cafe,106,tags/plastic_surgery_joke_negative.ogg.wav,1
2019-08-15 Bombs Away Cafe,104,tags/gdpr_joke_positive.ogg.wav,0
2019-08-15 Bombs Away Cafe,15,bender_joke.ogg.wav,1
2019-08-15 Bombs Away Cafe,16,for_all_my_robots_joke.ogg.wav,1
2019-08-15 Bombs Away Cafe,108,tags/robot_joke_positive.wav,1
2019-08-15 Bombs Away Cafe,17,white_people_joke.ogg.wav,1
2019-08-15 Bombs Away Cafe,18,terminator_joke.ogg.wav,1
2019-08-15 Bombs Away Cafe,111,tags/white_people_joke_positive_2.ogg.wav,0
2019-08-15 Bombs Away Cafe,29,baha_men_joke_oregon.ogg.wav,1
2019-08-15 Bombs Away Cafe,20,light_bulb_joke.ogg.wav,1
2019-08-15 Bombs Away Cafe,30,robot_tinder_2.ogg.wav,1
2019-08-15 Bombs Away Cafe,124,tags/robot_tinder_2_positive.ogg.wav,0
2019-08-15 Bombs Away Cafe,3,siri_backpropagate.ogg.wav,1
2019-08-15 Bombs Away Cafe,22,big_chips_joke.ogg.wav,0
2019-08-15 Bombs Away Cafe,31,catfish_joke_2.ogg.wav,1
2019-08-15 Bombs Away Cafe,101,tags/catfish_joke_positive.ogg.wav,0
2019-08-15 Bombs Away Cafe,32,ip_address_joke_2.ogg.wav,0
2019-08-15 Bombs Away Cafe,25,encryption_joke.ogg.wav,1
2019-08-15 Bombs Away Cafe,102,tags/encryption_joke_positive_2.ogg.wav,0
2019-08-15 Bombs Away Cafe,26,robot_sexy_times.ogg.wav,1
2019-08-15 Bombs Away Cafe,27,closing_take_jobs.ogg.wav,0
2019-08-15 Bombs Away Cafe,4,silicon_valley_joke_pt1.wav,0
2019-08-15 Bombs Away Cafe,5,silicon_valley_joke_pt2.wav,0
2019-08-15 Bombs Away Cafe,28,rent_prices_oregon.ogg.wav,0
2019-08-15 Bombs Away Cafe,107,tags/rent_prices_oregon_negative.ogg.wav,0
2019-08-15 Bombs Away Cafe,7,job_joke.ogg.wav,0
2019-08-15 Bombs Away Cafe,8,inverse_kinematics_equations.ogg.wav,0
2019-08-15 Phoebe (Weird),1,robot_name_joke_2.ogg.wav,0
2019-08-15 Phoebe (Weird),20,light_bulb_joke.ogg.wav,0
2019-08-15 Phoebe (Weird),33,congratulations_youve_won_joke.wav,0
2019-08-15 Phoebe (Weird),34,congratulations_im_feeling_lucky.wav,0
2019-08-15 Phoebe (Weird),30,robot_tinder_2.ogg.wav,0
2019-08-15 Phoebe (Weird),22,big_chips_joke.ogg.wav,0
2019-08-15 Phoebe (Weird),27,closing_take_jobs.ogg.wav,0
2019-08-23 Spectrum,1,robot_name_joke_2.ogg.wav,0
2019-08-23 Spectrum,2,gdpr_joke.ogg.wav,1
2019-08-23 Spectrum,11,c3po_joke.ogg.wav,1
2019-08-23 Spectrum,12,rosie_joke.ogg.wav,0
2019-08-23 Spectrum,13,wall-e_joke.ogg.wav,0
2019-08-23 Spectrum,14,plastic_surgery_joke.ogg.wav,1
2019-08-23 Spectrum,15,bender_joke.ogg.wav,1
2019-08-23 Spectrum,16,for_all_my_robots_joke.ogg.wav,1
2019-08-23 Spectrum,17,white_people_joke.ogg.wav,0
2019-08-23 Spectrum,18,terminator_joke.ogg.wav,1
2019-08-23 Spectrum,29,baha_men_joke_oregon.ogg.wav,1
2019-08-23 Spectrum,20,light_bulb_joke.ogg.wav,0
2019-08-23 Spectrum,3,siri_backpropagate.ogg.wav,1
2019-08-23 Spectrum,30,robot_tinder_2.ogg.wav,1
2019-08-23 Spectrum,22,big_chips_joke.ogg.wav,1
2019-08-23 Spectrum,31,catfish_joke_2.ogg.wav,1
2019-08-23 Spectrum,32,ip_address_joke_2.ogg.wav,1
2019-08-23 Spectrum,25,encryption_joke.ogg.wav,1
2019-08-23 Spectrum,26,robot_sexy_times.ogg.wav,1
2019-08-23 Spectrum,33,congratulations_youve_won_joke.wav,1
2019-08-23 Spectrum,34,congratulations_im_feeling_lucky.wav,1
2019-08-23 Spectrum,35,power_cord_joke.wav,0
2019-08-23 Spectrum,36,domain_name_joke.wav,0
2019-08-23 Spectrum,4,silicon_valley_joke_pt1.wav,0
2019-08-23 Spectrum,37,domain_name_dot_com.wav,0
2019-08-23 Spectrum,27,closing_take_jobs.ogg.wav,0
2019-08-23 Spectrum,5,silicon_valley_joke_pt2.wav,0
2019-08-23 Spectrum,28,rent_prices_oregon.ogg.wav,0
2019-08-23 Spectrum,7,job_joke.ogg.wav,1
2019-08-23 Spectrum,8,inverse_kinematics_equations.ogg.wav,0
2019-08-23 Spectrum,9,family_joke.ogg.wav,1
2019-08-23 Spectrum,10,too_robotic_joke.ogg.wav,1
2019-09-05 Stand-up Science,1,robot_name_joke_2.ogg.wav,1
2019-09-05 Stand-up Science,2,gdpr_joke.ogg.wav,1
2019-09-05 Stand-up Science,11,c3po_joke.ogg.wav,1
2019-09-05 Stand-up Science,12,rosie_joke.ogg.wav,1
2019-09-05 Stand-up Science,13,wall-e_joke.ogg.wav,0
2019-09-05 Stand-up Science,14,plastic_surgery_joke.ogg.wav,1
2019-09-05 Stand-up Science,15,bender_joke.ogg.wav,1
2019-09-05 Stand-up Science,16,for_all_my_robots_joke.ogg.wav,1
2019-09-05 Stand-up Science,17,white_people_joke.ogg.wav,0
2019-09-05 Stand-up Science,18,terminator_joke.ogg.wav,1
2019-09-05 Stand-up Science,29,baha_men_joke_oregon.ogg.wav,1
2019-09-05 Stand-up Science,20,light_bulb_joke.ogg.wav,1
2019-09-05 Stand-up Science,3,siri_backpropagate.ogg.wav,1
2019-09-05 Stand-up Science,30,robot_tinder_2.ogg.wav,1
2019-09-05 Stand-up Science,22,big_chips_joke.ogg.wav,1
2019-09-05 Stand-up Science,31,catfish_joke_2.ogg.wav,1
2019-09-05 Stand-up Science,32,ip_address_joke_2.ogg.wav,0
2019-09-05 Stand-up Science,25,encryption_joke.ogg.wav,1
2019-09-05 Stand-up Science,26,robot_sexy_times.ogg.wav,1
2019-09-05 Stand-up Science,27,closing_take_jobs.ogg.wav,1
2019-09-05 Stand-up Science,4,silicon_valley_joke_pt1.wav,0
2019-09-05 Stand-up Science,5,silicon_valley_joke_pt2.wav,0
2019-09-05 Stand-up Science,28,rent_prices_oregon.ogg.wav,0
2019-09-05 Stand-up Science,7,job_joke.ogg.wav,0
2019-09-05 Stand-up Science,8,inverse_kinematics_equations.ogg.wav,0
2019-09-05 Stand-up Science,9,family_joke.ogg.wav,0
2019-09-05 Stand-up Science,10,too_robotic_joke.ogg.wav,0
2019-09-06 Naomi and Sara Laugh at Routine (Weird),1,robot_name_joke_2.ogg.wav,0
2019-09-06 Naomi and Sara Laugh at Routine (Weird),2,gdpr_joke.ogg.wav,0
2019-09-06 Naomi and Sara Laugh at Routine (Weird),7,job_joke.ogg.wav,0
2019-09-06 Naomi and Sara Laugh at Routine (Weird),8,inverse_kinematics_equations.ogg.wav,0
2019-09-06 Naomi and Sara Laugh at Routine (Weird),105,tags/inverse_kinematics_equations_positive_2.ogg.wav,0
2019-09-06 Naomi and Sara Laugh at Routine (Weird),9,family_joke.ogg.wav,0
2019-09-06 Naomi and Sara Laugh at Routine (Weird),103,tags/family_joke_positive_2.ogg.wav,0
2019-09-06 Naomi and Sara Laugh at Routine (Weird),70,robot_babies.ogg.wav,0
2019-09-06 Naomi and Sara Laugh at Routine (Weird),10,too_robotic_joke.ogg.wav,0
2019-09-06 Naomi and Sara Laugh at Routine (Weird),110,tags/too_robotic_joke_positive_2.ogg.wav,0
2019-09-06 Naomi and Sara Laugh at Routine (Weird),11,c3po_joke.ogg.wav,0
2019-09-06 Naomi and Sara Laugh at Routine (Weird),12,rosie_joke.ogg.wav,0
2019-09-06 Naomi and Sara Laugh at Routine (Weird),104,tags/gdpr_joke_positive.ogg.wav,0
2019-09-06 Naomi and Sara Laugh at Routine (Weird),13,wall-e_joke.ogg.wav,0
2019-09-06 Naomi and Sara Laugh at Routine (Weird),14,plastic_surgery_joke.ogg.wav,0
2019-09-06 Naomi and Sara Laugh at Routine (Weird),138,tags/plastic_surgery_joke_positive_2.ogg.wav,0
2019-09-06 Naomi and Sara Laugh at Routine (Weird),15,bender_joke.ogg.wav,0
2019-09-06 Naomi and Sara Laugh at Routine (Weird),17,white_people_joke.ogg.wav,0
2019-09-06 Naomi and Sara Laugh at Routine (Weird),18,terminator_joke.ogg.wav,0
2019-09-06 Naomi and Sara Laugh at Routine (Weird),111,tags/white_people_joke_positive_2.ogg.wav,0
2019-09-06 Naomi and Sara Laugh at Routine (Weird),44,boogie.ogg.wav,0
2019-09-06 Naomi and Sara Laugh at Routine (Weird),16,for_all_my_robots_joke.ogg.wav,0
2019-09-06 Naomi and Sara Laugh at Routine (Weird),108,tags/robot_joke_positive.wav,0
2019-09-06 Naomi and Sara Laugh at Routine (Weird),3,siri_backpropagate.ogg.wav,0
2019-09-06 Naomi and Sara Laugh at Routine (Weird),29,baha_men_joke_oregon.ogg.wav,0
2019-09-06 Naomi and Sara Laugh at Routine (Weird),30,robot_tinder_2.ogg.wav,0
2019-09-06 Naomi and Sara Laugh at Routine (Weird),124,tags/robot_tinder_2_positive.ogg.wav,0
2019-09-06 Naomi and Sara Laugh at Routine (Weird),22,big_chips_joke.ogg.wav,0
2019-09-06 Naomi and Sara Laugh at Routine (Weird),31,catfish_joke_2.ogg.wav,0
2019-09-06 Naomi and Sara Laugh at Routine (Weird),101,tags/catfish_joke_positive.ogg.wav,0
2019-09-06 Naomi and Sara Laugh at Routine (Weird),32,ip_address_joke_2.ogg.wav,0
2019-09-06 Naomi and Sara Laugh at Routine (Weird),78,selfie_drone.ogg.wav,0
2019-09-06 Naomi and Sara Laugh at Routine (Weird),94,vibrator.ogg.wav,0
2019-09-06 Naomi and Sara Laugh at Routine (Weird),95,vibrator_pt_2.ogg.wav,0
2019-09-06 Naomi and Sara Laugh at Routine (Weird),62,megaman.ogg.wav,0
2019-09-06 Naomi and Sara Laugh at Routine (Weird),33,congratulations_youve_won_joke.wav,0
2019-09-06 Naomi and Sara Laugh at Routine (Weird),34,congratulations_im_feeling_lucky.wav,0
2019-09-06 Naomi and Sara Laugh at Routine (Weird),81,smoking_joke.ogg.wav,0
2019-09-06 Naomi and Sara Laugh at Routine (Weird),20,light_bulb_joke.ogg.wav,0
2019-09-06 Naomi and Sara Laugh at Routine (Weird),84,stripper_joke.ogg.wav,0
2019-09-06 Naomi and Sara Laugh at Routine (Weird),86,stripper_vagina_joke.ogg.wav,0
2019-09-06 Naomi and Sara Laugh at Routine (Weird),77,self_driving_limo.ogg.wav,0
2019-09-06 Naomi and Sara Laugh at Routine (Weird),121,tags/self_driving_limo_positive.ogg.wav,0
2019-09-06 Naomi and Sara Laugh at Routine (Weird),82,software_update.ogg.wav,1
2019-09-06 Naomi and Sara Laugh at Routine (Weird),35,power_cord_joke.wav,0
2019-09-06 Naomi and Sara Laugh at Routine (Weird),120,tags/megaman_positive.ogg.wav,0
2019-09-06 Naomi and Sara Laugh at Routine (Weird),115,tags/power_cord_joke_positive.wav,0
2019-09-06 Naomi and Sara Laugh at Routine (Weird),36,domain_name_joke.wav,0
2019-09-06 Naomi and Sara Laugh at Routine (Weird),37,domain_name_dot_com.wav,0
2019-09-06 Naomi and Sara Laugh at Routine (Weird),71,robot_drugs.ogg.wav,0
2019-09-06 Naomi and Sara Laugh at Routine (Weird),123,tags/robot_drugs_positive.ogg.wav,0
2019-09-06 Naomi and Sara Laugh at Routine (Weird),25,encryption_joke.ogg.wav,0
2019-09-06 Naomi and Sara Laugh at Routine (Weird),102,tags/encryption_joke_positive_2.ogg.wav,0
2019-09-06 Naomi and Sara Laugh at Routine (Weird),26,robot_sexy_times.ogg.wav,0
2019-09-06 Naomi and Sara Laugh at Routine (Weird),27,closing_take_jobs.ogg.wav,0
2019-09-06 Naomi and Sara Laugh at Routine (Weird),4,silicon_valley_joke_pt1.wav,0
2019-09-06 Naomi and Sara Laugh at Routine (Weird),5,silicon_valley_joke_pt2.wav,0
2019-09-06 Naomi and Sara Laugh at Routine (Weird),28,rent_prices_oregon.ogg.wav,0
2019-09-06 Naomi and Sara Laugh at Routine (Weird),139,tags/rent_prices_oregon_positive.ogg.wav,0
2019-09-06 RoboCom,1,robot_name_joke_2.ogg.wav,1
2019-09-06 RoboCom,2,gdpr_joke.ogg.wav,1
2019-09-06 RoboCom,7,job_joke.ogg.wav,0
2019-09-06 RoboCom,8,inverse_kinematics_equations.ogg.wav,0
2019-09-06 RoboCom,105,tags/inverse_kinematics_equations_positive_2.ogg.wav,0
2019-09-06 RoboCom,9,family_joke.ogg.wav,0
2019-09-06 RoboCom,103,tags/family_joke_positive_2.ogg.wav,0
2019-09-06 RoboCom,70,robot_babies.ogg.wav,0
2019-09-06 RoboCom,10,too_robotic_joke.ogg.wav,1
2019-09-06 RoboCom,11,c3po_joke.ogg.wav,0
2019-09-06 RoboCom,12,rosie_joke.ogg.wav,0
2019-09-06 RoboCom,13,wall-e_joke.ogg.wav,1
2019-09-06 RoboCom,104,tags/gdpr_joke_positive.ogg.wav,1
2019-09-06 RoboCom,14,plastic_surgery_joke.ogg.wav,1
2019-09-06 RoboCom,106,tags/plastic_surgery_joke_negative.ogg.wav,1
2019-09-06 RoboCom,15,bender_joke.ogg.wav,1
2019-09-06 RoboCom,17,white_people_joke.ogg.wav,0
2019-09-06 RoboCom,18,terminator_joke.ogg.wav,1
2019-09-06 RoboCom,111,tags/white_people_joke_positive_2.ogg.wav,0
2019-09-06 RoboCom,44,boogie.ogg.wav,1
2019-09-06 RoboCom,16,for_all_my_robots_joke.ogg.wav,1
2019-09-06 RoboCom,118,tags/robot_joke_negative_2.ogg.wav,0
2019-09-06 RoboCom,29,baha_men_joke_oregon.ogg.wav,1
2019-09-06 RoboCom,3,siri_backpropagate.ogg.wav,1
2019-09-06 RoboCom,30,robot_tinder_2.ogg.wav,1
2019-09-06 RoboCom,22,big_chips_joke.ogg.wav,1
2019-09-06 RoboCom,31,catfish_joke_2.ogg.wav,1
2019-09-06 RoboCom,101,tags/catfish_joke_positive.ogg.wav,0
2019-09-06 RoboCom,32,ip_address_joke_2.ogg.wav,0
2019-09-06 RoboCom,78,selfie_drone.ogg.wav,0
2019-09-06 RoboCom,94,vibrator.ogg.wav,0
2019-09-06 RoboCom,95,vibrator_pt_2.ogg.wav,0
2019-09-06 RoboCom,33,congratulations_youve_won_joke.wav,1
2019-09-06 RoboCom,34,congratulations_im_feeling_lucky.wav,1
2019-09-06 RoboCom,62,megaman.ogg.wav,0
2019-09-06 RoboCom,81,smoking_joke.ogg.wav,0
2019-09-06 RoboCom,20,light_bulb_joke.ogg.wav,1
2019-09-06 RoboCom,84,stripper_joke.ogg.wav,0
2019-09-06 RoboCom,86,stripper_vagina_joke.ogg.wav,1
2019-09-06 RoboCom,77,self_driving_limo.ogg.wav,0
2019-09-06 RoboCom,121,tags/self_driving_limo_positive.ogg.wav,0
2019-09-06 RoboCom,82,software_update.ogg.wav,1
2019-09-06 RoboCom,35,power_cord_joke.wav,0
2019-09-06 RoboCom,113,tags/power_cord_joke_negative.wav,0
2019-09-06 RoboCom,36,domain_name_joke.wav,0
2019-09-06 RoboCom,120,tags/megaman_positive.ogg.wav,0
2019-09-06 RoboCom,37,domain_name_dot_com.wav,0
2019-09-06 RoboCom,71,robot_drugs.ogg.wav,0
2019-09-06 RoboCom,25,encryption_joke.ogg.wav,0
2019-09-06 RoboCom,102,tags/encryption_joke_positive_2.ogg.wav,0
2019-09-06 RoboCom,26,robot_sexy_times.ogg.wav,0
2019-09-06 RoboCom,27,closing_take_jobs.ogg.wav,0
2019-09-06 RoboCom,4,silicon_valley_joke_pt1.wav,0
2019-09-06 RoboCom,5,silicon_valley_joke_pt2.wav,0
2019-09-06 RoboCom,28,rent_prices_oregon.ogg.wav,0
2019-09-06 RoboCom,107,tags/rent_prices_oregon_negative.ogg.wav,1
2019-09-19 Bombs Away Cafe,1,robot_name_joke_2.ogg.wav,1
2019-09-19 Bombs Away Cafe,62,megaman.ogg.wav,0
2019-09-19 Bombs Away Cafe,18,terminator_joke.ogg.wav,1
2019-09-19 Bombs Away Cafe,117,tags/white_people_joke_negative.ogg.wav,1
2019-09-19 Bombs Away Cafe,44,boogie.ogg.wav,1
2019-09-19 Bombs Away Cafe,30,robot_tinder_2.ogg.wav,1
2019-09-19 Bombs Away Cafe,124,tags/robot_tinder_2_positive.ogg.wav,1
2019-09-19 Bombs Away Cafe,22,big_chips_joke.ogg.wav,1
2019-09-19 Bombs Away Cafe,32,ip_address_joke_2.ogg.wav,0
2019-09-19 Bombs Away Cafe,78,selfie_drone.ogg.wav,1
2019-09-19 Bombs Away Cafe,94,vibrator.ogg.wav,0
2019-09-19 Bombs Away Cafe,95,vibrator_pt_2.ogg.wav,1
2019-09-19 Bombs Away Cafe,120,tags/megaman_positive.ogg.wav,0
2019-09-19 Bombs Away Cafe,81,smoking_joke.ogg.wav,0
2019-09-19 Bombs Away Cafe,84,stripper_joke.ogg.wav,0
2019-09-19 Bombs Away Cafe,86,stripper_vagina_joke.ogg.wav,1
2019-09-19 Bombs Away Cafe,77,self_driving_limo.ogg.wav,1
2019-09-19 Bombs Away Cafe,121,tags/self_driving_limo_positive.ogg.wav,0
2019-09-19 Bombs Away Cafe,82,software_update.ogg.wav,1
2019-09-19 Bombs Away Cafe,125,tags/software_update_positive.ogg.wav,0
2019-09-19 Bombs Away Cafe,35,power_cord_joke.wav,0
2019-09-19 Bombs Away Cafe,36,domain_name_joke.wav,0
2019-09-19 Bombs Away Cafe,37,domain_name_dot_com.wav,0
2019-09-19 Bombs Away Cafe,9,family_joke.ogg.wav,0
2019-09-19 Bombs Away Cafe,71,robot_drugs.ogg.wav,1
2019-09-19 Bombs Away Cafe,123,tags/robot_drugs_positive.ogg.wav,0
2019-09-19 Bombs Away Cafe,27,closing_take_jobs.ogg.wav,0
2019-09-19 Bombs Away Cafe,103,tags/family_joke_positive_2.ogg.wav,0
2019-09-19 Bombs Away Cafe,70,robot_babies.ogg.wav,0
2019-09-19 Bombs Away Cafe,122,tags/robot_babies_positive.ogg.wav,0
2019-09-19 Bombs Away Cafe,10,too_robotic_joke.ogg.wav,1
2019-09-19 Bombs Away Cafe,116,tags/too_robotic_joke_negative.wav,1
2019-09-19 Bombs Away Cafe,17,white_people_joke.ogg.wav,1
2019-09-21 Laugh Track Town USA,1,robot_name_joke_2.ogg.wav,0
2019-09-21 Laugh Track Town USA,2,gdpr_joke.ogg.wav,0
2019-09-21 Laugh Track Town USA,17,white_people_joke.ogg.wav,0
2019-09-21 Laugh Track Town USA,18,terminator_joke.ogg.wav,0
2019-09-21 Laugh Track Town USA,117,tags/white_people_joke_negative.ogg.wav,0
2019-09-21 Laugh Track Town USA,44,boogie.ogg.wav,0
2019-09-21 Laugh Track Town USA,16,for_all_my_robots_joke.ogg.wav,0
2019-09-21 Laugh Track Town USA,118,tags/robot_joke_negative_2.ogg.wav,0
2019-09-21 Laugh Track Town USA,29,baha_men_joke_oregon.ogg.wav,1
2019-09-21 Laugh Track Town USA,30,robot_tinder_2.ogg.wav,1
2019-09-21 Laugh Track Town USA,109,tags/robot_tinder_2_negative.ogg.wav,1
2019-09-21 Laugh Track Town USA,22,big_chips_joke.ogg.wav,1
2019-09-21 Laugh Track Town USA,104,tags/gdpr_joke_positive.ogg.wav,0
2019-09-21 Laugh Track Town USA,78,selfie_drone.ogg.wav,1
2019-09-21 Laugh Track Town USA,94,vibrator.ogg.wav,0
2019-09-21 Laugh Track Town USA,95,vibrator_pt_2.ogg.wav,0
2019-09-21 Laugh Track Town USA,81,smoking_joke.ogg.wav,1
2019-09-21 Laugh Track Town USA,84,stripper_joke.ogg.wav,0
2019-09-21 Laugh Track Town USA,86,stripper_vagina_joke.ogg.wav,1
2019-09-21 Laugh Track Town USA,77,self_driving_limo.ogg.wav,0
2019-09-21 Laugh Track Town USA,126,tags/self_driving_limo_negative.ogg.wav,0
2019-09-21 Laugh Track Town USA,82,software_update.ogg.wav,1
2019-09-21 Laugh Track Town USA,125,tags/software_update_positive.ogg.wav,0
2019-09-21 Laugh Track Town USA,3,siri_backpropagate.ogg.wav,1
2019-09-21 Laugh Track Town USA,25,encryption_joke.ogg.wav,0
2019-09-21 Laugh Track Town USA,102,tags/encryption_joke_positive_2.ogg.wav,0
2019-09-21 Laugh Track Town USA,26,robot_sexy_times.ogg.wav,1
2019-09-21 Laugh Track Town USA,27,closing_take_jobs.ogg.wav,0
2019-09-21 Laugh Track Town USA,62,megaman.ogg.wav,0
2019-09-21 Laugh Track Town USA,120,tags/megaman_positive.ogg.wav,0
2019-09-21 Laugh Track Town USA,9,family_joke.ogg.wav,0
2019-09-21 Laugh Track Town USA,70,robot_babies.ogg.wav,0
2019-09-21 Laugh Track Town USA,10,too_robotic_joke.ogg.wav,0
2019-09-21 Laugh Track Town USA,116,tags/too_robotic_joke_negative.wav,1
2019-09-28 OSU Cascades (Weird),1,robot_name_joke_2.ogg.wav,0
2019-09-28 OSU Cascades (Weird),2,gdpr_joke.ogg.wav,0
2019-09-28 OSU Cascades (Weird),8,inverse_kinematics_equations.ogg.wav,0
2019-09-28 OSU Cascades (Weird),112,tags/inverse_kinematics_equations_negative.ogg.wav,0
2019-09-28 OSU Cascades (Weird),9,family_joke.ogg.wav,0
2019-09-28 OSU Cascades (Weird),10,too_robotic_joke.ogg.wav,0
2019-09-28 OSU Cascades (Weird),116,tags/too_robotic_joke_negative.wav,0
2019-09-28 OSU Cascades (Weird),11,c3po_joke.ogg.wav,0
2019-09-28 OSU Cascades (Weird),12,rosie_joke.ogg.wav,0
2019-09-28 OSU Cascades (Weird),13,wall-e_joke.ogg.wav,0
2019-09-28 OSU Cascades (Weird),14,plastic_surgery_joke.ogg.wav,0
2019-09-28 OSU Cascades (Weird),106,tags/plastic_surgery_joke_negative.ogg.wav,0
2019-09-28 OSU Cascades (Weird),104,tags/gdpr_joke_positive.ogg.wav,0
2019-09-28 OSU Cascades (Weird),17,white_people_joke.ogg.wav,0
2019-09-28 OSU Cascades (Weird),18,terminator_joke.ogg.wav,0
2019-09-28 OSU Cascades (Weird),117,tags/white_people_joke_negative.ogg.wav,0
2019-09-28 OSU Cascades (Weird),44,boogie.ogg.wav,0
2019-09-28 OSU Cascades (Weird),16,for_all_my_robots_joke.ogg.wav,0
2019-09-28 OSU Cascades (Weird),118,tags/robot_joke_negative_2.ogg.wav,0
2019-09-28 OSU Cascades (Weird),33,congratulations_youve_won_joke.wav,0
2019-09-28 OSU Cascades (Weird),34,congratulations_im_feeling_lucky.wav,0
2019-09-28 OSU Cascades (Weird),81,smoking_joke.ogg.wav,0
2019-09-28 OSU Cascades (Weird),78,selfie_drone.ogg.wav,0
2019-09-28 OSU Cascades (Weird),62,megaman.ogg.wav,0
2019-09-28 OSU Cascades (Weird),32,ip_address_joke_2.ogg.wav,0
2019-09-28 OSU Cascades (Weird),20,light_bulb_joke.ogg.wav,0
2019-09-28 OSU Cascades (Weird),82,software_update.ogg.wav,0
2019-09-28 OSU Cascades (Weird),136,tags/software_update_negative.ogg.wav,0
2019-09-28 OSU Cascades (Weird),29,baha_men_joke_oregon.ogg.wav,0
2019-09-28 OSU Cascades (Weird),27,closing_take_jobs.ogg.wav,0
2019-09-28 OSU Cascades (Weird),134,tags/megaman_negative.ogg.wav,0
2019-09-28 OSU Cascades (Weird),4,silicon_valley_joke_pt1.wav,0
2019-09-28 OSU Cascades (Weird),5,silicon_valley_joke_pt2.wav,0
2019-09-28 OSU Cascades (Weird),28,rent_prices_oregon.ogg.wav,0
2019-09-28 OSU Cascades (Weird),107,tags/rent_prices_oregon_negative.ogg.wav,0
2019-09-28 OSU Cascades (Weird),7,job_joke.ogg.wav,0
2019-10-11 Singu-hilarity,1,robot_name_joke_2.ogg.wav,1
2019-10-11 Singu-hilarity,2,gdpr_joke.ogg.wav,0
2019-10-11 Singu-hilarity,10,too_robotic_joke.ogg.wav,0
2019-10-11 Singu-hilarity,116,tags/too_robotic_joke_negative.wav,1
2019-10-11 Singu-hilarity,17,white_people_joke.ogg.wav,0
2019-10-11 Singu-hilarity,18,terminator_joke.ogg.wav,1
2019-10-11 Singu-hilarity,129,tags/metal_ceiling_positive.ogg.wav,1
2019-10-11 Singu-hilarity,44,boogie.ogg.wav,1
2019-10-11 Singu-hilarity,16,for_all_my_robots_joke.ogg.wav,1
2019-10-11 Singu-hilarity,118,tags/robot_joke_negative_2.ogg.wav,1
2019-10-11 Singu-hilarity,29,baha_men_joke_oregon.ogg.wav,1
2019-10-11 Singu-hilarity,30,robot_tinder_2.ogg.wav,1
2019-10-11 Singu-hilarity,104,tags/gdpr_joke_positive.ogg.wav,0
2019-10-11 Singu-hilarity,22,big_chips_joke.ogg.wav,1
2019-10-11 Singu-hilarity,78,selfie_drone.ogg.wav,1
2019-10-11 Singu-hilarity,94,vibrator.ogg.wav,0
2019-10-11 Singu-hilarity,95,vibrator_pt_2.ogg.wav,1
2019-10-11 Singu-hilarity,81,smoking_joke.ogg.wav,1
2019-10-11 Singu-hilarity,84,stripper_joke.ogg.wav,0
2019-10-11 Singu-hilarity,86,stripper_vagina_joke.ogg.wav,0
2019-10-11 Singu-hilarity,77,self_driving_limo.ogg.wav,0
2019-10-11 Singu-hilarity,121,tags/self_driving_limo_positive.ogg.wav,1
2019-10-11 Singu-hilarity,82,software_update.ogg.wav,1
2019-10-11 Singu-hilarity,3,siri_backpropagate.ogg.wav,1
2019-10-11 Singu-hilarity,25,encryption_joke.ogg.wav,1
2019-10-11 Singu-hilarity,102,tags/encryption_joke_positive_2.ogg.wav,0
2019-10-11 Singu-hilarity,26,robot_sexy_times.ogg.wav,1
2019-10-11 Singu-hilarity,27,closing_take_jobs.ogg.wav,0
2019-10-11 Singu-hilarity,62,megaman.ogg.wav,0
2019-10-11 Singu-hilarity,120,tags/megaman_positive.ogg.wav,0
2019-10-11 Singu-hilarity,9,family_joke.ogg.wav,0
2019-10-11 Singu-hilarity,103,tags/family_joke_positive_2.ogg.wav,0
2019-10-11 Singu-hilarity,70,robot_babies.ogg.wav,0
2019-10-11 Singu-hilarity,122,tags/robot_babies_positive.ogg.wav,0
2019-04-13 Cienna Nerdy Show at The Drake,1,robot_name_joke_2.ogg.wav,1
2019-04-13 Cienna Nerdy Show at The Drake,2,gdpr_joke.ogg.wav,1
2019-04-13 Cienna Nerdy Show at The Drake,105,tags/inverse_kinematics_equations_positive_2.ogg.wav,1
2019-04-13 Cienna Nerdy Show at The Drake,9,family_joke.ogg.wav,1
2019-04-13 Cienna Nerdy Show at The Drake,103,tags/family_joke_positive_2.ogg.wav,0
2019-04-13 Cienna Nerdy Show at The Drake,10,too_robotic_joke.ogg.wav,1
2019-04-13 Cienna Nerdy Show at The Drake,110,tags/too_robotic_joke_positive_2.ogg.wav,0
2019-04-13 Cienna Nerdy Show at The Drake,11,c3po_joke.ogg.wav,0
2019-04-13 Cienna Nerdy Show at The Drake,12,rosie_joke.ogg.wav,0
2019-04-13 Cienna Nerdy Show at The Drake,13,wall-e_joke.ogg.wav,0
2019-04-13 Cienna Nerdy Show at The Drake,14,plastic_surgery_joke.ogg.wav,1
2019-04-13 Cienna Nerdy Show at The Drake,106,tags/plastic_surgery_joke_negative.ogg.wav,0
2019-04-13 Cienna Nerdy Show at The Drake,104,tags/gdpr_joke_positive.ogg.wav,1
2019-04-13 Cienna Nerdy Show at The Drake,15,bender_joke.ogg.wav,1
2019-04-13 Cienna Nerdy Show at The Drake,16,for_all_my_robots_joke.ogg.wav,1
2019-04-13 Cienna Nerdy Show at The Drake,108,tags/robot_joke_positive.wav,1
2019-04-13 Cienna Nerdy Show at The Drake,17,white_people_joke.ogg.wav,1
2019-04-13 Cienna Nerdy Show at The Drake,18,terminator_joke.ogg.wav,0
2019-04-13 Cienna Nerdy Show at The Drake,111,tags/white_people_joke_positive_2.ogg.wav,0
2019-04-13 Cienna Nerdy Show at The Drake,29,baha_men_joke_oregon.ogg.wav,1
2019-04-13 Cienna Nerdy Show at The Drake,20,light_bulb_joke.ogg.wav,1
2019-04-13 Cienna Nerdy Show at The Drake,30,robot_tinder_2.ogg.wav,1
2019-04-13 Cienna Nerdy Show at The Drake,109,tags/robot_tinder_2_negative.ogg.wav,1
2019-04-13 Cienna Nerdy Show at The Drake,3,siri_backpropagate.ogg.wav,1
2019-04-13 Cienna Nerdy Show at The Drake,22,big_chips_joke.ogg.wav,1
2019-04-13 Cienna Nerdy Show at The Drake,31,catfish_joke_2.ogg.wav,1
2019-04-13 Cienna Nerdy Show at The Drake,101,tags/catfish_joke_positive.ogg.wav,0
2019-04-13 Cienna Nerdy Show at The Drake,32,ip_address_joke_2.ogg.wav,1
2019-04-13 Cienna Nerdy Show at The Drake,25,encryption_joke.ogg.wav,1
2019-04-13 Cienna Nerdy Show at The Drake,102,tags/encryption_joke_positive_2.ogg.wav,0
2019-04-13 Cienna Nerdy Show at The Drake,26,robot_sexy_times.ogg.wav,1
2019-04-13 Cienna Nerdy Show at The Drake,27,closing_take_jobs.ogg.wav,1
2019-04-13 Cienna Nerdy Show at The Drake,4,silicon_valley_joke_pt1.wav,0
2019-04-13 Cienna Nerdy Show at The Drake,5,silicon_valley_joke_pt2.wav,0
2019-04-13 Cienna Nerdy Show at The Drake,28,rent_prices_oregon.ogg.wav,0
2019-04-13 Cienna Nerdy Show at The Drake,107,tags/rent_prices_oregon_negative.ogg.wav,1
2019-04-13 Cienna Nerdy Show at The Drake,7,job_joke.ogg.wav,0
2019-04-13 Cienna Nerdy Show at The Drake,8,inverse_kinematics_equations.ogg.wav,1
2019-11-29 Comedy the Musical,1,robot_name_joke_2.ogg.wav,1
2019-11-29 Comedy the Musical,2,gdpr_joke.ogg.wav,0
2019-11-29 Comedy the Musical,17,white_people_joke.ogg.wav,0
2019-11-29 Comedy the Musical,18,terminator_joke.ogg.wav,1
2019-11-29 Comedy the Musical,129,tags/metal_ceiling_positive.ogg.wav,1
2019-11-29 Comedy the Musical,44,boogie.ogg.wav,1
2019-11-29 Comedy the Musical,29,baha_men_joke_oregon.ogg.wav,1
2019-11-29 Comedy the Musical,22,big_chips_joke.ogg.wav,0
2019-11-29 Comedy the Musical,81,smoking_joke.ogg.wav,1
2019-11-29 Comedy the Musical,25,encryption_joke.ogg.wav,1
2019-11-29 Comedy the Musical,102,tags/encryption_joke_positive_2.ogg.wav,0
2019-11-29 Comedy the Musical,26,robot_sexy_times.ogg.wav,1
2019-11-29 Comedy the Musical,104,tags/gdpr_joke_positive.ogg.wav,0
2019-11-29 Comedy the Musical,27,closing_take_jobs.ogg.wav,0
2019-11-29 Comedy the Musical,3,siri_backpropagate.ogg.wav,1
2019-11-29 Comedy the Musical,9,family_joke.ogg.wav,1
2019-11-29 Comedy the Musical,103,tags/family_joke_positive_2.ogg.wav,0
2019-11-29 Comedy the Musical,70,robot_babies.ogg.wav,1
2019-11-29 Comedy the Musical,122,tags/robot_babies_positive.ogg.wav,0
2019-11-29 Comedy the Musical,10,too_robotic_joke.ogg.wav,1
2019-11-29 Comedy the Musical,116,tags/too_robotic_joke_negative.wav,1
2019-11-29 Crapshoot,1,robot_name_joke_2.ogg.wav,1
2019-11-29 Crapshoot,2,gdpr_joke.ogg.wav,1
2019-11-29 Crapshoot,17,white_people_joke.ogg.wav,0
2019-11-29 Crapshoot,18,terminator_joke.ogg.wav,1
2019-11-29 Crapshoot,129,tags/metal_ceiling_positive.ogg.wav,0
2019-11-29 Crapshoot,44,boogie.ogg.wav,1
2019-11-29 Crapshoot,29,baha_men_joke_oregon.ogg.wav,1
2019-11-29 Crapshoot,22,big_chips_joke.ogg.wav,1
2019-11-29 Crapshoot,81,smoking_joke.ogg.wav,1
2019-11-29 Crapshoot,25,encryption_joke.ogg.wav,1
2019-11-29 Crapshoot,102,tags/encryption_joke_positive_2.ogg.wav,0
2019-11-29 Crapshoot,26,robot_sexy_times.ogg.wav,1
2019-11-29 Crapshoot,104,tags/gdpr_joke_positive.ogg.wav,0
2019-11-29 Crapshoot,27,closing_take_jobs.ogg.wav,0
2019-11-29 Crapshoot,3,siri_backpropagate.ogg.wav,1
2019-11-29 Crapshoot,9,family_joke.ogg.wav,1
2019-11-29 Crapshoot,103,tags/family_joke_positive_2.ogg.wav,0
2019-11-29 Crapshoot,70,robot_babies.ogg.wav,1
2019-11-29 Crapshoot,122,tags/robot_babies_positive.ogg.wav,0
2019-11-29 Crapshoot,10,too_robotic_joke.ogg.wav,1
2019-11-29 Crapshoot,116,tags/too_robotic_joke_negative.wav,0
2019-12-06 Silent Background Recording,1,robot_name_joke_2.ogg.wav,0
2019-12-06 Silent Background Recording,2,gdpr_joke.ogg.wav,0
2019-12-06 Silent Background Recording,7,job_joke.ogg.wav,0
2019-12-06 Silent Background Recording,8,inverse_kinematics_equations.ogg.wav,0
2019-12-06 Silent Background Recording,112,tags/inverse_kinematics_equations_negative.ogg.wav,0
2019-12-06 Silent Background Recording,9,family_joke.ogg.wav,0
2019-12-06 Silent Background Recording,70,robot_babies.ogg.wav,0
2019-12-06 Silent Background Recording,133,tags/killing_joke_negative.wav,0
2019-12-06 Silent Background Recording,10,too_robotic_joke.ogg.wav,0
2019-12-06 Silent Background Recording,116,tags/too_robotic_joke_negative.wav,0
2019-12-06 Silent Background Recording,11,c3po_joke.ogg.wav,0
2019-12-06 Silent Background Recording,12,rosie_joke.ogg.wav,0
2019-12-06 Silent Background Recording,132,tags/gdpr_joke_negative.ogg.wav,0
2019-12-06 Silent Background Recording,13,wall-e_joke.ogg.wav,0
2019-12-06 Silent Background Recording,14,plastic_surgery_joke.ogg.wav,0
2019-12-06 Silent Background Recording,106,tags/plastic_surgery_joke_negative.ogg.wav,0
2019-12-06 Silent Background Recording,15,bender_joke.ogg.wav,0
2019-12-06 Silent Background Recording,17,white_people_joke.ogg.wav,0
2019-12-06 Silent Background Recording,18,terminator_joke.ogg.wav,0
2019-12-06 Silent Background Recording,117,tags/white_people_joke_negative.ogg.wav,0
2019-12-06 Silent Background Recording,44,boogie.ogg.wav,0
2019-12-06 Silent Background Recording,16,for_all_my_robots_joke.ogg.wav,0
2019-12-06 Silent Background Recording,118,tags/robot_joke_negative_2.ogg.wav,0
2019-12-06 Silent Background Recording,3,siri_backpropagate.ogg.wav,0
2019-12-06 Silent Background Recording,29,baha_men_joke_oregon.ogg.wav,0
2019-12-06 Silent Background Recording,30,robot_tinder_2.ogg.wav,0
2019-12-06 Silent Background Recording,109,tags/robot_tinder_2_negative.ogg.wav,0
2019-12-06 Silent Background Recording,22,big_chips_joke.ogg.wav,0
2019-12-06 Silent Background Recording,31,catfish_joke_2.ogg.wav,0
2019-12-06 Silent Background Recording,130,tags/catfish_joke_negative.ogg.wav,0
2019-12-06 Silent Background Recording,32,ip_address_joke_2.ogg.wav,0
2019-12-06 Silent Background Recording,78,selfie_drone.ogg.wav,0
2019-12-06 Silent Background Recording,94,vibrator.ogg.wav,0
2019-12-06 Silent Background Recording,95,vibrator_pt_2.ogg.wav,0
2019-12-06 Silent Background Recording,62,megaman.ogg.wav,0
2019-12-06 Silent Background Recording,33,congratulations_youve_won_joke.wav,0
2019-12-06 Silent Background Recording,34,congratulations_im_feeling_lucky.wav,0
2019-12-06 Silent Background Recording,81,smoking_joke.ogg.wav,0
2019-12-06 Silent Background Recording,20,light_bulb_joke.ogg.wav,0
2019-12-06 Silent Background Recording,84,stripper_joke.ogg.wav,0
2019-12-06 Silent Background Recording,86,stripper_vagina_joke.ogg.wav,0
2019-12-06 Silent Background Recording,77,self_driving_limo.ogg.wav,0
2019-12-06 Silent Background Recording,126,tags/self_driving_limo_negative.ogg.wav,0
2019-12-06 Silent Background Recording,82,software_update.ogg.wav,0
2019-12-06 Silent Background Recording,136,tags/software_update_negative.ogg.wav,0
2019-12-06 Silent Background Recording,134,tags/megaman_negative.ogg.wav,0
2019-12-06 Silent Background Recording,35,power_cord_joke.wav,0
2019-12-06 Silent Background Recording,113,tags/power_cord_joke_negative.wav,0
2019-12-06 Silent Background Recording,36,domain_name_joke.wav,0
2019-12-06 Silent Background Recording,37,domain_name_dot_com.wav,0
2019-12-06 Silent Background Recording,71,robot_drugs.ogg.wav,0
2019-12-06 Silent Background Recording,135,tags/robot_drugs_negative.ogg.wav,0
2019-12-06 Silent Background Recording,25,encryption_joke.ogg.wav,0
2019-12-06 Silent Background Recording,131,tags/encryption_joke_negative_2.ogg.wav,0
2019-12-06 Silent Background Recording,26,robot_sexy_times.ogg.wav,0
2019-12-06 Silent Background Recording,27,closing_take_jobs.ogg.wav,0
2019-12-06 Silent Background Recording,4,silicon_valley_joke_pt1.wav,0
2019-12-06 Silent Background Recording,5,silicon_valley_joke_pt2.wav,0
2019-12-06 Silent Background Recording,28,rent_prices_oregon.ogg.wav,0
2019-12-06 Silent Background Recording,107,tags/rent_prices_oregon_negative.ogg.wav,0
2019-12-09 Singu-Hilarity in San Francisco,1,robot_name_joke_2.ogg.wav,1
2019-12-09 Singu-Hilarity in San Francisco,2,gdpr_joke.ogg.wav,1
2019-12-09 Singu-Hilarity in San Francisco,103,tags/family_joke_positive_2.ogg.wav,0
2019-12-09 Singu-Hilarity in San Francisco,70,robot_babies.ogg.wav,0
2019-12-09 Singu-Hilarity in San Francisco,122,tags/robot_babies_positive.ogg.wav,0
2019-12-09 Singu-Hilarity in San Francisco,10,too_robotic_joke.ogg.wav,1
2019-12-09 Singu-Hilarity in San Francisco,116,tags/too_robotic_joke_negative.wav,1
2019-12-09 Singu-Hilarity in San Francisco,11,c3po_joke.ogg.wav,0
2019-12-09 Singu-Hilarity in San Francisco,12,rosie_joke.ogg.wav,1
2019-12-09 Singu-Hilarity in San Francisco,13,wall-e_joke.ogg.wav,0
2019-12-09 Singu-Hilarity in San Francisco,14,plastic_surgery_joke.ogg.wav,1
2019-12-09 Singu-Hilarity in San Francisco,106,tags/plastic_surgery_joke_negative.ogg.wav,1
2019-12-09 Singu-Hilarity in San Francisco,104,tags/gdpr_joke_positive.ogg.wav,1
2019-12-09 Singu-Hilarity in San Francisco,15,bender_joke.ogg.wav,1
2019-12-09 Singu-Hilarity in San Francisco,17,white_people_joke.ogg.wav,0
2019-12-09 Singu-Hilarity in San Francisco,18,terminator_joke.ogg.wav,1
2019-12-09 Singu-Hilarity in San Francisco,44,boogie.ogg.wav,0
2019-12-09 Singu-Hilarity in San Francisco,16,for_all_my_robots_joke.ogg.wav,1
2019-12-09 Singu-Hilarity in San Francisco,118,tags/robot_joke_negative_2.ogg.wav,1
2019-12-09 Singu-Hilarity in San Francisco,43,baha_men_joke_sanfran.wav,1
2019-12-09 Singu-Hilarity in San Francisco,30,robot_tinder_2.ogg.wav,0
2019-12-09 Singu-Hilarity in San Francisco,109,tags/robot_tinder_2_negative.ogg.wav,1
2019-12-09 Singu-Hilarity in San Francisco,22,big_chips_joke.ogg.wav,1
2019-12-09 Singu-Hilarity in San Francisco,3,siri_backpropagate.ogg.wav,1
2019-12-09 Singu-Hilarity in San Francisco,31,catfish_joke_2.ogg.wav,1
2019-12-09 Singu-Hilarity in San Francisco,101,tags/catfish_joke_positive.ogg.wav,0
2019-12-09 Singu-Hilarity in San Francisco,32,ip_address_joke_2.ogg.wav,1
2019-12-09 Singu-Hilarity in San Francisco,78,selfie_drone.ogg.wav,1
2019-12-09 Singu-Hilarity in San Francisco,94,vibrator.ogg.wav,0
2019-12-09 Singu-Hilarity in San Francisco,95,vibrator_pt_2.ogg.wav,0
2019-12-09 Singu-Hilarity in San Francisco,33,congratulations_youve_won_joke.wav,1
2019-12-09 Singu-Hilarity in San Francisco,34,congratulations_im_feeling_lucky.wav,1
2019-12-09 Singu-Hilarity in San Francisco,81,smoking_joke.ogg.wav,1
2019-12-09 Singu-Hilarity in San Francisco,20,light_bulb_joke.ogg.wav,1
2019-12-09 Singu-Hilarity in San Francisco,62,megaman.ogg.wav,0
2019-12-09 Singu-Hilarity in San Francisco,84,stripper_joke.ogg.wav,0
2019-12-09 Singu-Hilarity in San Francisco,86,stripper_vagina_joke.ogg.wav,0
2019-12-09 Singu-Hilarity in San Francisco,77,self_driving_limo.ogg.wav,1
2019-12-09 Singu-Hilarity in San Francisco,121,tags/self_driving_limo_positive.ogg.wav,1
2019-12-09 Singu-Hilarity in San Francisco,82,software_update.ogg.wav,1
2019-12-09 Singu-Hilarity in San Francisco,136,tags/software_update_negative.ogg.wav,1
2019-12-09 Singu-Hilarity in San Francisco,35,power_cord_joke.wav,0
2019-12-09 Singu-Hilarity in San Francisco,113,tags/power_cord_joke_negative.wav,0
2019-12-09 Singu-Hilarity in San Francisco,36,domain_name_joke.wav,0
2019-12-09 Singu-Hilarity in San Francisco,37,domain_name_dot_com.wav,0
2019-12-09 Singu-Hilarity in San Francisco,120,tags/megaman_positive.ogg.wav,0
2019-12-09 Singu-Hilarity in San Francisco,71,robot_drugs.ogg.wav,0
2019-12-09 Singu-Hilarity in San Francisco,123,tags/robot_drugs_positive.ogg.wav,0
2019-12-09 Singu-Hilarity in San Francisco,25,encryption_joke.ogg.wav,1
2019-12-09 Singu-Hilarity in San Francisco,102,tags/encryption_joke_positive_2.ogg.wav,0
2019-12-09 Singu-Hilarity in San Francisco,26,robot_sexy_times.ogg.wav,0
2019-12-09 Singu-Hilarity in San Francisco,27,closing_take_jobs.ogg.wav,1
2019-12-09 Singu-Hilarity in San Francisco,7,job_joke.ogg.wav,1
2019-12-09 Singu-Hilarity in San Francisco,8,inverse_kinematics_equations.ogg.wav,1
2019-12-09 Singu-Hilarity in San Francisco,112,tags/inverse_kinematics_equations_negative.ogg.wav,1
2019-12-09 Singu-Hilarity in San Francisco,9,family_joke.ogg.wav,1
2020-01-12 Singu-Hilarity in Corvallis,142,robot_name_joke_1.ogg.wav,0
2020-01-12 Singu-Hilarity in Corvallis,1,robot_name_joke_2.ogg.wav,0
2020-01-12 Singu-Hilarity in Corvallis,28,rent_prices_oregon.ogg.wav,0
2020-01-12 Singu-Hilarity in Corvallis,107,tags/rent_prices_oregon_negative.ogg.wav,1
2020-01-12 Singu-Hilarity in Corvallis,7,job_joke.ogg.wav,1
2020-01-12 Singu-Hilarity in Corvallis,8,inverse_kinematics_equations.ogg.wav,0
2020-01-12 Singu-Hilarity in Corvallis,112,tags/inverse_kinematics_equations_negative.ogg.wav,1
2020-01-12 Singu-Hilarity in Corvallis,9,family_joke.ogg.wav,1
2020-01-12 Singu-Hilarity in Corvallis,103,tags/family_joke_positive_2.ogg.wav,0
2020-01-12 Singu-Hilarity in Corvallis,70,robot_babies.ogg.wav,0
2020-01-12 Singu-Hilarity in Corvallis,122,tags/robot_babies_positive.ogg.wav,0
2020-01-12 Singu-Hilarity in Corvallis,10,too_robotic_joke.ogg.wav,1
2020-01-12 Singu-Hilarity in Corvallis,2,gdpr_joke.ogg.wav,0
2020-01-12 Singu-Hilarity in Corvallis,116,tags/too_robotic_joke_negative.wav,1
2020-01-12 Singu-Hilarity in Corvallis,11,c3po_joke.ogg.wav,0
2020-01-12 Singu-Hilarity in Corvallis,12,rosie_joke.ogg.wav,0
2020-01-12 Singu-Hilarity in Corvallis,13,wall-e_joke.ogg.wav,0
2020-01-12 Singu-Hilarity in Corvallis,14,plastic_surgery_joke.ogg.wav,1
2020-01-12 Singu-Hilarity in Corvallis,106,tags/plastic_surgery_joke_negative.ogg.wav,0
2020-01-12 Singu-Hilarity in Corvallis,15,bender_joke.ogg.wav,1
2020-01-12 Singu-Hilarity in Corvallis,98,washing_machine_1.ogg.wav,0
2020-01-12 Singu-Hilarity in Corvallis,99,washing_machine_2.ogg.wav,0
2020-01-12 Singu-Hilarity in Corvallis,100,washing_machine_3.ogg.wav,0
2020-01-12 Singu-Hilarity in Corvallis,104,tags/gdpr_joke_positive.ogg.wav,0
2020-01-12 Singu-Hilarity in Corvallis,16,for_all_my_robots_joke.ogg.wav,1
2020-01-12 Singu-Hilarity in Corvallis,118,tags/robot_joke_negative_2.ogg.wav,0
2020-01-12 Singu-Hilarity in Corvallis,29,baha_men_joke_oregon.ogg.wav,1
2020-01-12 Singu-Hilarity in Corvallis,30,robot_tinder_2.ogg.wav,1
2020-01-12 Singu-Hilarity in Corvallis,109,tags/robot_tinder_2_negative.ogg.wav,0
2020-01-12 Singu-Hilarity in Corvallis,46,floppy_1.ogg.wav,0
2020-01-12 Singu-Hilarity in Corvallis,47,floppy_2.ogg.wav,0
2020-01-12 Singu-Hilarity in Corvallis,48,floppy_3.ogg.wav,0
2020-01-12 Singu-Hilarity in Corvallis,49,floppy_4.ogg.wav,0
2020-01-12 Singu-Hilarity in Corvallis,31,catfish_joke_2.ogg.wav,1
2020-01-12 Singu-Hilarity in Corvallis,62,megaman.ogg.wav,0
2020-01-12 Singu-Hilarity in Corvallis,130,tags/catfish_joke_negative.ogg.wav,0
2020-01-12 Singu-Hilarity in Corvallis,57,human_date_1.ogg.wav,0
2020-01-12 Singu-Hilarity in Corvallis,58,human_date_2.ogg.wav,0
2020-01-12 Singu-Hilarity in Corvallis,59,human_date_3.ogg.wav,0
2020-01-12 Singu-Hilarity in Corvallis,60,human_date_4.ogg.wav,0
2020-01-12 Singu-Hilarity in Corvallis,92,transformers_1.ogg.wav,0
2020-01-12 Singu-Hilarity in Corvallis,93,transformers_2.ogg.wav,0
2020-01-12 Singu-Hilarity in Corvallis,33,congratulations_youve_won_joke.wav,0
2020-01-12 Singu-Hilarity in Corvallis,34,congratulations_im_feeling_lucky.wav,0
2020-01-12 Singu-Hilarity in Corvallis,56,hot_singles.ogg.wav,0
2020-01-12 Singu-Hilarity in Corvallis,134,tags/megaman_negative.ogg.wav,0
2020-01-12 Singu-Hilarity in Corvallis,20,light_bulb_joke.ogg.wav,0
2020-01-12 Singu-Hilarity in Corvallis,63,plane_0.ogg.wav,0
2020-01-12 Singu-Hilarity in Corvallis,64,plane_1.ogg.wav,0
2020-01-12 Singu-Hilarity in Corvallis,65,plane_2.ogg.wav,0
2020-01-12 Singu-Hilarity in Corvallis,66,plane_3.ogg.wav,1
2020-01-12 Singu-Hilarity in Corvallis,67,plane_4.ogg.wav,0
2020-01-12 Singu-Hilarity in Corvallis,68,plane_5.ogg.wav,0
2020-01-12 Singu-Hilarity in Corvallis,91,training_data.ogg.wav,0
2020-01-12 Singu-Hilarity in Corvallis,140,tags/training_data_negative.ogg.wav,0
2020-01-12 Singu-Hilarity in Corvallis,82,software_update.ogg.wav,1
2020-01-12 Singu-Hilarity in Corvallis,96,walken_1.ogg.wav,0
2020-01-12 Singu-Hilarity in Corvallis,136,tags/software_update_negative.ogg.wav,0
2020-01-12 Singu-Hilarity in Corvallis,25,encryption_joke.ogg.wav,0
2020-01-12 Singu-Hilarity in Corvallis,102,tags/encryption_joke_positive_2.ogg.wav,0
2020-01-12 Singu-Hilarity in Corvallis,27,closing_take_jobs.ogg.wav,0
2020-01-12 Singu-Hilarity in Corvallis,97,walken_2.ogg.wav,0
2020-01-12 Singu-Hilarity in Corvallis,4,silicon_valley_joke_pt1.wav,0
2020-01-12 Singu-Hilarity in Corvallis,5,silicon_valley_joke_pt2.wav,0
2020-01-25 Sam Bond_s Bleeping Funny,142,robot_name_joke_1.ogg.wav,0
2020-01-25 Sam Bond_s Bleeping Funny,1,robot_name_joke_2.ogg.wav,1
2020-01-25 Sam Bond_s Bleeping Funny,9,family_joke.ogg.wav,1
2020-01-25 Sam Bond_s Bleeping Funny,103,tags/family_joke_positive_2.ogg.wav,0
2020-01-25 Sam Bond_s Bleeping Funny,70,robot_babies.ogg.wav,1
2020-01-25 Sam Bond_s Bleeping Funny,122,tags/robot_babies_positive.ogg.wav,0
2020-01-25 Sam Bond_s Bleeping Funny,98,washing_machine_1.ogg.wav,1
2020-01-25 Sam Bond_s Bleeping Funny,99,washing_machine_2.ogg.wav,0
2020-01-25 Sam Bond_s Bleeping Funny,100,washing_machine_3.ogg.wav,0
2020-01-25 Sam Bond_s Bleeping Funny,92,transformers_1.ogg.wav,0
2020-01-25 Sam Bond_s Bleeping Funny,93,transformers_2.ogg.wav,1
2020-01-25 Sam Bond_s Bleeping Funny,33,congratulations_youve_won_joke.wav,1
2020-01-25 Sam Bond_s Bleeping Funny,2,gdpr_joke.ogg.wav,1
2020-01-25 Sam Bond_s Bleeping Funny,34,congratulations_im_feeling_lucky.wav,1
2020-01-25 Sam Bond_s Bleeping Funny,56,hot_singles.ogg.wav,0
2020-01-25 Sam Bond_s Bleeping Funny,63,plane_0.ogg.wav,0
2020-01-25 Sam Bond_s Bleeping Funny,64,plane_1.ogg.wav,0
2020-01-25 Sam Bond_s Bleeping Funny,65,plane_2.ogg.wav,1
2020-01-25 Sam Bond_s Bleeping Funny,66,plane_3.ogg.wav,1
2020-01-25 Sam Bond_s Bleeping Funny,67,plane_4.ogg.wav,1
2020-01-25 Sam Bond_s Bleeping Funny,68,plane_5.ogg.wav,0
2020-01-25 Sam Bond_s Bleeping Funny,91,training_data.ogg.wav,0
2020-01-25 Sam Bond_s Bleeping Funny,141,tags/training_data_positive.ogg.wav,1
2020-01-25 Sam Bond_s Bleeping Funny,104,tags/gdpr_joke_positive.ogg.wav,0
2020-01-25 Sam Bond_s Bleeping Funny,82,software_update.ogg.wav,1
2020-01-25 Sam Bond_s Bleeping Funny,136,tags/software_update_negative.ogg.wav,1
2020-01-25 Sam Bond_s Bleeping Funny,25,encryption_joke.ogg.wav,1
2020-01-25 Sam Bond_s Bleeping Funny,102,tags/encryption_joke_positive_2.ogg.wav,0
2020-01-25 Sam Bond_s Bleeping Funny,27,closing_take_jobs.ogg.wav,0
2020-01-25 Sam Bond_s Bleeping Funny,62,megaman.ogg.wav,0
2020-01-25 Sam Bond_s Bleeping Funny,120,tags/megaman_positive.ogg.wav,0
2020-01-25 Sam Bond_s Bleeping Funny,96,walken_1.ogg.wav,0
2020-01-25 Sam Bond_s Bleeping Funny,97,walken_2.ogg.wav,0
2020-01-25 Sam Bond_s Bleeping Funny,8,inverse_kinematics_equations.ogg.wav,0
2020-01-25 Sam Bond_s Bleeping Funny,105,tags/inverse_kinematics_equations_positive_2.ogg.wav,0
2020-01-29 Class Performance,142,robot_name_joke_1.ogg.wav,0
2020-01-29 Class Performance,1,robot_name_joke_2.ogg.wav,0
2020-01-29 Class Performance,92,transformers_1.ogg.wav,0
2020-01-29 Class Performance,93,transformers_2.ogg.wav,1
2020-01-29 Class Performance,63,plane_0.ogg.wav,0
2020-01-29 Class Performance,64,plane_1.ogg.wav,0
2020-01-29 Class Performance,65,plane_2.ogg.wav,0
2020-01-29 Class Performance,66,plane_3.ogg.wav,0
2020-01-29 Class Performance,67,plane_4.ogg.wav,0
2020-01-29 Class Performance,68,plane_5.ogg.wav,0
2020-01-29 Class Performance,91,training_data.ogg.wav,0
2020-01-29 Class Performance,140,tags/training_data_negative.ogg.wav,0
2020-01-29 Class Performance,2,gdpr_joke.ogg.wav,0
2020-01-29 Class Performance,82,software_update.ogg.wav,1
2020-01-29 Class Performance,136,tags/software_update_negative.ogg.wav,0
2020-01-29 Class Performance,27,closing_take_jobs.ogg.wav,0
2020-01-29 Class Performance,104,tags/gdpr_joke_positive.ogg.wav,0
2020-01-29 Class Performance,8,inverse_kinematics_equations.ogg.wav,0
2020-01-29 Class Performance,112,tags/inverse_kinematics_equations_negative.ogg.wav,0
2020-01-29 Class Performance,9,family_joke.ogg.wav,0
2020-01-29 Class Performance,103,tags/family_joke_positive_2.ogg.wav,0
2020-01-29 Class Performance,70,robot_babies.ogg.wav,0
2020-01-29 Class Performance,133,tags/killing_joke_negative.wav,1
2020-01-31 Mt Caz,142,robot_name_joke_1.ogg.wav,0
2020-01-31 Mt Caz,1,robot_name_joke_2.ogg.wav,1
2020-01-31 Mt Caz,5,silicon_valley_joke_pt2.wav,0
2020-01-31 Mt Caz,28,rent_prices_oregon.ogg.wav,1
2020-01-31 Mt Caz,139,tags/rent_prices_oregon_positive.ogg.wav,0
2020-01-31 Mt Caz,7,job_joke.ogg.wav,1
2020-01-31 Mt Caz,8,inverse_kinematics_equations.ogg.wav,1
2020-01-31 Mt Caz,105,tags/inverse_kinematics_equations_positive_2.ogg.wav,0
2020-01-31 Mt Caz,9,family_joke.ogg.wav,1
2020-01-31 Mt Caz,103,tags/family_joke_positive_2.ogg.wav,0
2020-01-31 Mt Caz,70,robot_babies.ogg.wav,0
2020-01-31 Mt Caz,122,tags/robot_babies_positive.ogg.wav,0
2020-01-31 Mt Caz,2,gdpr_joke.ogg.wav,1
2020-01-31 Mt Caz,50,ganja_1.ogg.wav,1
2020-01-31 Mt Caz,51,ganja_2.ogg.wav,1
2020-01-31 Mt Caz,52,ganja_3.ogg.wav,0
2020-01-31 Mt Caz,10,too_robotic_joke.ogg.wav,1
2020-01-31 Mt Caz,116,tags/too_robotic_joke_negative.wav,1
2020-01-31 Mt Caz,11,c3po_joke.ogg.wav,0
2020-01-31 Mt Caz,12,rosie_joke.ogg.wav,0
2020-01-31 Mt Caz,13,wall-e_joke.ogg.wav,0
2020-01-31 Mt Caz,14,plastic_surgery_joke.ogg.wav,1
2020-01-31 Mt Caz,106,tags/plastic_surgery_joke_negative.ogg.wav,1
2020-01-31 Mt Caz,104,tags/gdpr_joke_positive.ogg.wav,1
2020-01-31 Mt Caz,15,bender_joke.ogg.wav,1
2020-01-31 Mt Caz,17,white_people_joke.ogg.wav,0
2020-01-31 Mt Caz,18,terminator_joke.ogg.wav,1
2020-01-31 Mt Caz,44,boogie.ogg.wav,1
2020-01-31 Mt Caz,98,washing_machine_1.ogg.wav,0
2020-01-31 Mt Caz,99,washing_machine_2.ogg.wav,1
2020-01-31 Mt Caz,100,washing_machine_3.ogg.wav,0
2020-01-31 Mt Caz,16,for_all_my_robots_joke.ogg.wav,1
2020-01-31 Mt Caz,30,robot_tinder_2.ogg.wav,1
2020-01-31 Mt Caz,22,big_chips_joke.ogg.wav,1
2020-01-31 Mt Caz,3,siri_backpropagate.ogg.wav,1
2020-01-31 Mt Caz,46,floppy_1.ogg.wav,0
2020-01-31 Mt Caz,47,floppy_2.ogg.wav,0
2020-01-31 Mt Caz,48,floppy_3.ogg.wav,0
2020-01-31 Mt Caz,49,floppy_4.ogg.wav,0
2020-01-31 Mt Caz,31,catfish_joke_2.ogg.wav,1
2020-01-31 Mt Caz,101,tags/catfish_joke_positive.ogg.wav,0
2020-01-31 Mt Caz,57,human_date_1.ogg.wav,0
2020-01-31 Mt Caz,58,human_date_2.ogg.wav,0
2020-01-31 Mt Caz,59,human_date_3.ogg.wav,0
2020-01-31 Mt Caz,60,human_date_4.ogg.wav,0
2020-01-31 Mt Caz,62,megaman.ogg.wav,0
2020-01-31 Mt Caz,32,ip_address_joke_2.ogg.wav,0
2020-01-31 Mt Caz,78,selfie_drone.ogg.wav,1
2020-01-31 Mt Caz,92,transformers_1.ogg.wav,1
2020-01-31 Mt Caz,93,transformers_2.ogg.wav,1
2020-01-31 Mt Caz,33,congratulations_youve_won_joke.wav,1
2020-01-31 Mt Caz,34,congratulations_im_feeling_lucky.wav,1
2020-01-31 Mt Caz,56,hot_singles.ogg.wav,0
2020-01-31 Mt Caz,81,smoking_joke.ogg.wav,0
2020-01-31 Mt Caz,20,light_bulb_joke.ogg.wav,1
2020-01-31 Mt Caz,63,plane_0.ogg.wav,1
2020-01-31 Mt Caz,120,tags/megaman_positive.ogg.wav,0
2020-01-31 Mt Caz,64,plane_1.ogg.wav,0
2020-01-31 Mt Caz,65,plane_2.ogg.wav,0
2020-01-31 Mt Caz,66,plane_3.ogg.wav,0
2020-01-31 Mt Caz,67,plane_4.ogg.wav,0
2020-01-31 Mt Caz,68,plane_5.ogg.wav,0
2020-01-31 Mt Caz,91,training_data.ogg.wav,0
2020-01-31 Mt Caz,141,tags/training_data_positive.ogg.wav,1
2020-01-31 Mt Caz,35,power_cord_joke.wav,0
2020-01-31 Mt Caz,113,tags/power_cord_joke_negative.wav,0
2020-01-31 Mt Caz,36,domain_name_joke.wav,0
2020-01-31 Mt Caz,96,walken_1.ogg.wav,0
2020-01-31 Mt Caz,37,domain_name_dot_com.wav,0
2020-01-31 Mt Caz,71,robot_drugs.ogg.wav,1
2020-01-31 Mt Caz,123,tags/robot_drugs_positive.ogg.wav,0
2020-01-31 Mt Caz,25,encryption_joke.ogg.wav,1
2020-01-31 Mt Caz,102,tags/encryption_joke_positive_2.ogg.wav,0
2020-01-31 Mt Caz,27,closing_take_jobs.ogg.wav,0
2020-01-31 Mt Caz,97,walken_2.ogg.wav,0
2020-01-31 Mt Caz,4,silicon_valley_joke_pt1.wav,0
2020-02-19 Soundbox,1,robot_name_joke_2.ogg.wav,0
2020-02-19 Soundbox,2,gdpr_joke.ogg.wav,0
2020-02-19 Soundbox,28,rent_prices_oregon.ogg.wav,0
2020-02-19 Soundbox,107,tags/rent_prices_oregon_negative.ogg.wav,0
2020-02-19 Soundbox,7,job_joke.ogg.wav,0
2020-02-19 Soundbox,8,inverse_kinematics_equations.ogg.wav,0
2020-02-19 Soundbox,112,tags/inverse_kinematics_equations_negative.ogg.wav,0
2020-02-19 Soundbox,9,family_joke.ogg.wav,0
2020-02-19 Soundbox,70,robot_babies.ogg.wav,0
2020-02-19 Soundbox,133,tags/killing_joke_negative.wav,0
2020-02-19 Soundbox,50,ganja_1.ogg.wav,0
2020-02-19 Soundbox,51,ganja_2.ogg.wav,0
2020-02-19 Soundbox,104,tags/gdpr_joke_positive.ogg.wav,0
2020-02-19 Soundbox,52,ganja_3.ogg.wav,0
2020-02-19 Soundbox,10,too_robotic_joke.ogg.wav,0
2020-02-19 Soundbox,116,tags/too_robotic_joke_negative.wav,0
2020-02-19 Soundbox,11,c3po_joke.ogg.wav,0
2020-02-19 Soundbox,12,rosie_joke.ogg.wav,0
2020-02-19 Soundbox,13,wall-e_joke.ogg.wav,0
2020-02-19 Soundbox,14,plastic_surgery_joke.ogg.wav,0
2020-02-19 Soundbox,106,tags/plastic_surgery_joke_negative.ogg.wav,0
2020-02-19 Soundbox,15,bender_joke.ogg.wav,0
2020-02-19 Soundbox,17,white_people_joke.ogg.wav,0
2020-02-19 Soundbox,3,siri_backpropagate.ogg.wav,0
2020-02-19 Soundbox,18,terminator_joke.ogg.wav,0
2020-02-19 Soundbox,117,tags/white_people_joke_negative.ogg.wav,0
2020-02-19 Soundbox,44,boogie.ogg.wav,0
2020-02-19 Soundbox,98,washing_machine_1.ogg.wav,0
2020-02-19 Soundbox,99,washing_machine_2.ogg.wav,0
2020-02-19 Soundbox,100,washing_machine_3.ogg.wav,0
2020-02-19 Soundbox,16,for_all_my_robots_joke.ogg.wav,0
2020-02-19 Soundbox,118,tags/robot_joke_negative_2.ogg.wav,0
2020-02-19 Soundbox,30,robot_tinder_2.ogg.wav,0
2020-02-19 Soundbox,109,tags/robot_tinder_2_negative.ogg.wav,0
2020-02-19 Soundbox,62,megaman.ogg.wav,0
2020-02-19 Soundbox,22,big_chips_joke.ogg.wav,0
2020-02-19 Soundbox,46,floppy_1.ogg.wav,0
2020-02-19 Soundbox,47,floppy_2.ogg.wav,0
2020-02-19 Soundbox,48,floppy_3.ogg.wav,0
2020-02-19 Soundbox,49,floppy_4.ogg.wav,0
2020-02-19 Soundbox,31,catfish_joke_2.ogg.wav,0
2020-02-19 Soundbox,130,tags/catfish_joke_negative.ogg.wav,0
2020-02-19 Soundbox,57,human_date_1.ogg.wav,0
2020-02-19 Soundbox,58,human_date_2.ogg.wav,0
2020-02-19 Soundbox,59,human_date_3.ogg.wav,0
2020-02-19 Soundbox,134,tags/megaman_negative.ogg.wav,0
2020-02-19 Soundbox,60,human_date_4.ogg.wav,0
2020-02-19 Soundbox,32,ip_address_joke_2.ogg.wav,0
2020-02-19 Soundbox,78,selfie_drone.ogg.wav,0
2020-02-19 Soundbox,92,transformers_1.ogg.wav,0
2020-02-19 Soundbox,93,transformers_2.ogg.wav,0
2020-02-19 Soundbox,33,congratulations_youve_won_joke.wav,0
2020-02-19 Soundbox,34,congratulations_im_feeling_lucky.wav,0
2020-02-19 Soundbox,56,hot_singles.ogg.wav,0
2020-02-19 Soundbox,81,smoking_joke.ogg.wav,0
2020-02-19 Soundbox,20,light_bulb_joke.ogg.wav,0
2020-02-19 Soundbox,96,walken_1.ogg.wav,0
2020-02-19 Soundbox,63,plane_0.ogg.wav,0
2020-02-19 Soundbox,64,plane_1.ogg.wav,0
2020-02-19 Soundbox,65,plane_2.ogg.wav,0
2020-02-19 Soundbox,66,plane_3.ogg.wav,0
2020-02-19 Soundbox,67,plane_4.ogg.wav,0
2020-02-19 Soundbox,68,plane_5.ogg.wav,0
2020-02-19 Soundbox,91,training_data.ogg.wav,0
2020-02-19 Soundbox,140,tags/training_data_negative.ogg.wav,0
2020-02-19 Soundbox,35,power_cord_joke.wav,0
2020-02-19 Soundbox,113,tags/power_cord_joke_negative.wav,0
2020-02-19 Soundbox,97,walken_2.ogg.wav,0
2020-02-19 Soundbox,36,domain_name_joke.wav,0
2020-02-19 Soundbox,37,domain_name_dot_com.wav,0
2020-02-19 Soundbox,71,robot_drugs.ogg.wav,0
2020-02-19 Soundbox,135,tags/robot_drugs_negative.ogg.wav,0
2020-02-19 Soundbox,25,encryption_joke.ogg.wav,0
2020-02-19 Soundbox,27,closing_take_jobs.ogg.wav,0
2020-02-19 Soundbox,4,silicon_valley_joke_pt1.wav,0
2020-02-19 Soundbox,5,silicon_valley_joke_pt2.wav,0
2020-03-04 Bombs Away,1,robot_name_joke_2.ogg.wav,0
2020-03-04 Bombs Away,2,gdpr_joke.ogg.wav,0
2020-03-04 Bombs Away,122,tags/robot_babies_positive.ogg.wav,0
2020-03-04 Bombs Away,50,ganja_1.ogg.wav,0
2020-03-04 Bombs Away,51,ganja_2.ogg.wav,0
2020-03-04 Bombs Away,52,ganja_3.ogg.wav,0
2020-03-04 Bombs Away,30,robot_tinder_2.ogg.wav,0
2020-03-04 Bombs Away,124,tags/robot_tinder_2_positive.ogg.wav,0
2020-03-04 Bombs Away,46,floppy_1.ogg.wav,0
2020-03-04 Bombs Away,47,floppy_2.ogg.wav,0
2020-03-04 Bombs Away,48,floppy_3.ogg.wav,0
2020-03-04 Bombs Away,49,floppy_4.ogg.wav,0
2020-03-04 Bombs Away,104,tags/gdpr_joke_positive.ogg.wav,0
2020-03-04 Bombs Away,92,transformers_1.ogg.wav,0
2020-03-04 Bombs Away,93,transformers_2.ogg.wav,0
2020-03-04 Bombs Away,33,congratulations_youve_won_joke.wav,0
2020-03-04 Bombs Away,34,congratulations_im_feeling_lucky.wav,0
2020-03-04 Bombs Away,56,hot_singles.ogg.wav,0
2020-03-04 Bombs Away,63,plane_0.ogg.wav,0
2020-03-04 Bombs Away,64,plane_1.ogg.wav,0
2020-03-04 Bombs Away,65,plane_2.ogg.wav,0
2020-03-04 Bombs Away,66,plane_3.ogg.wav,0
2020-03-04 Bombs Away,67,plane_4.ogg.wav,0
2020-03-04 Bombs Away,62,megaman.ogg.wav,0
2020-03-04 Bombs Away,68,plane_5.ogg.wav,0
2020-03-04 Bombs Away,91,training_data.ogg.wav,0
2020-03-04 Bombs Away,140,tags/training_data_negative.ogg.wav,0
2020-03-04 Bombs Away,82,software_update.ogg.wav,0
2020-03-04 Bombs Away,125,tags/software_update_positive.ogg.wav,0
2020-03-04 Bombs Away,27,closing_take_jobs.ogg.wav,0
2020-03-04 Bombs Away,120,tags/megaman_positive.ogg.wav,0
2020-03-04 Bombs Away,96,walken_1.ogg.wav,0
2020-03-04 Bombs Away,97,walken_2.ogg.wav,0
2020-03-04 Bombs Away,9,family_joke.ogg.wav,0
2020-03-04 Bombs Away,103,tags/family_joke_positive_2.ogg.wav,0
2020-03-04 Bombs Away,70,robot_babies.ogg.wav,0
2019-04-18 Bombs Away Cafe,1,robot_name_joke_2.ogg.wav,1
2019-04-18 Bombs Away Cafe,4,silicon_valley_joke_pt1.wav,0
2019-04-18 Bombs Away Cafe,16,for_all_my_robots_joke.ogg.wav,1
2019-04-18 Bombs Away Cafe,108,tags/robot_joke_positive.wav,0
2019-04-18 Bombs Away Cafe,30,robot_tinder_2.ogg.wav,1
2019-04-18 Bombs Away Cafe,124,tags/robot_tinder_2_positive.ogg.wav,1
2019-04-18 Bombs Away Cafe,31,catfish_joke_2.ogg.wav,1
2019-04-18 Bombs Away Cafe,101,tags/catfish_joke_positive.ogg.wav,0
2019-04-18 Bombs Away Cafe,35,power_cord_joke.wav,0
2019-04-18 Bombs Away Cafe,115,tags/power_cord_joke_positive.wav,1
2019-04-18 Bombs Away Cafe,36,domain_name_joke.wav,0
2019-04-18 Bombs Away Cafe,37,domain_name_dot_com.wav,0
2019-04-18 Bombs Away Cafe,5,silicon_valley_joke_pt2.wav,0
2019-04-18 Bombs Away Cafe,27,closing_take_jobs.ogg.wav,0
2019-04-18 Bombs Away Cafe,9,family_joke.ogg.wav,1
2019-04-18 Bombs Away Cafe,103,tags/family_joke_positive_2.ogg.wav,0
2019-04-18 Bombs Away Cafe,33,congratulations_youve_won_joke.wav,1
2019-04-18 Bombs Away Cafe,34,congratulations_im_feeling_lucky.wav,1
2019-04-18 Bombs Away Cafe,29,baha_men_joke_oregon.ogg.wav,1
2019-04-18 Bombs Away Cafe,114,tags/killing_tag.wav,1
2019-04-18 Bombs Away Cafe,39,420_joke.wav,0
2019-04-19 Addison Performance (Weird),1,robot_name_joke_2.ogg.wav,0
2019-04-19 Addison Performance (Weird),2,gdpr_joke.ogg.wav,0
2019-04-19 Addison Performance (Weird),33,congratulations_youve_won_joke.wav,0
2019-04-19 Addison Performance (Weird),34,congratulations_im_feeling_lucky.wav,0
2019-04-19 Addison Performance (Weird),9,family_joke.ogg.wav,0
2019-04-19 Addison Performance (Weird),10,too_robotic_joke.ogg.wav,0
2019-04-19 Addison Performance (Weird),116,tags/too_robotic_joke_negative.wav,0
2019-04-19 Addison Performance (Weird),11,c3po_joke.ogg.wav,0
2019-04-19 Addison Performance (Weird),12,rosie_joke.ogg.wav,0
2019-04-19 Addison Performance (Weird),13,wall-e_joke.ogg.wav,0
2019-04-19 Addison Performance (Weird),14,plastic_surgery_joke.ogg.wav,0
2019-04-19 Addison Performance (Weird),106,tags/plastic_surgery_joke_negative.ogg.wav,0
2019-04-19 Addison Performance (Weird),3,siri_backpropagate.ogg.wav,0
2019-04-19 Addison Performance (Weird),15,bender_joke.ogg.wav,0
2019-04-19 Addison Performance (Weird),16,for_all_my_robots_joke.ogg.wav,0
2019-04-19 Addison Performance (Weird),118,tags/robot_joke_negative_2.ogg.wav,0
2019-04-19 Addison Performance (Weird),17,white_people_joke.ogg.wav,0
2019-04-19 Addison Performance (Weird),18,terminator_joke.ogg.wav,0
2019-04-19 Addison Performance (Weird),117,tags/white_people_joke_negative.ogg.wav,0
2019-04-19 Addison Performance (Weird),29,baha_men_joke_oregon.ogg.wav,0
2019-04-19 Addison Performance (Weird),133,tags/killing_joke_negative.wav,0
2019-04-19 Addison Performance (Weird),20,light_bulb_joke.ogg.wav,0
2019-04-19 Addison Performance (Weird),30,robot_tinder_2.ogg.wav,0
2019-04-19 Addison Performance (Weird),4,silicon_valley_joke_pt1.wav,0
2019-04-19 Addison Performance (Weird),109,tags/robot_tinder_2_negative.ogg.wav,0
2019-04-19 Addison Performance (Weird),22,big_chips_joke.ogg.wav,0
2019-04-19 Addison Performance (Weird),31,catfish_joke_2.ogg.wav,0
2019-04-19 Addison Performance (Weird),130,tags/catfish_joke_negative.ogg.wav,0
2019-04-19 Addison Performance (Weird),32,ip_address_joke_2.ogg.wav,0
2019-04-19 Addison Performance (Weird),25,encryption_joke.ogg.wav,0
2019-04-19 Addison Performance (Weird),131,tags/encryption_joke_negative_2.ogg.wav,0
2019-04-19 Addison Performance (Weird),35,power_cord_joke.wav,0
2019-04-19 Addison Performance (Weird),113,tags/power_cord_joke_negative.wav,0
2019-04-19 Addison Performance (Weird),36,domain_name_joke.wav,0
2019-04-19 Addison Performance (Weird),5,silicon_valley_joke_pt2.wav,0
2019-04-19 Addison Performance (Weird),37,domain_name_dot_com.wav,0
2019-04-19 Addison Performance (Weird),27,closing_take_jobs.ogg.wav,0
2019-04-19 Addison Performance (Weird),28,rent_prices_oregon.ogg.wav,0
2019-04-19 Addison Performance (Weird),107,tags/rent_prices_oregon_negative.ogg.wav,0
2019-04-19 Addison Performance (Weird),7,job_joke.ogg.wav,0
2019-04-19 Addison Performance (Weird),8,inverse_kinematics_equations.ogg.wav,0
2019-04-19 Addison Performance (Weird),112,tags/inverse_kinematics_equations_negative.ogg.wav,0
2019-04-19 Singu-hilarity,1,robot_name_joke_2.ogg.wav,1
2019-04-19 Singu-hilarity,2,gdpr_joke.ogg.wav,0
2019-04-19 Singu-hilarity,112,tags/inverse_kinematics_equations_negative.ogg.wav,1
2019-04-19 Singu-hilarity,33,congratulations_youve_won_joke.wav,1
2019-04-19 Singu-hilarity,34,congratulations_im_feeling_lucky.wav,0
2019-04-19 Singu-hilarity,9,family_joke.ogg.wav,1
2019-04-19 Singu-hilarity,103,tags/family_joke_positive_2.ogg.wav,0
2019-04-19 Singu-hilarity,10,too_robotic_joke.ogg.wav,1
2019-04-19 Singu-hilarity,116,tags/too_robotic_joke_negative.wav,1
2019-04-19 Singu-hilarity,11,c3po_joke.ogg.wav,0
2019-04-19 Singu-hilarity,12,rosie_joke.ogg.wav,0
2019-04-19 Singu-hilarity,13,wall-e_joke.ogg.wav,1
2019-04-19 Singu-hilarity,104,tags/gdpr_joke_positive.ogg.wav,0
2019-04-19 Singu-hilarity,14,plastic_surgery_joke.ogg.wav,1
2019-04-19 Singu-hilarity,106,tags/plastic_surgery_joke_negative.ogg.wav,1
2019-04-19 Singu-hilarity,15,bender_joke.ogg.wav,1
2019-04-19 Singu-hilarity,16,for_all_my_robots_joke.ogg.wav,0
2019-04-19 Singu-hilarity,108,tags/robot_joke_positive.wav,0
2019-04-19 Singu-hilarity,17,white_people_joke.ogg.wav,0
2019-04-19 Singu-hilarity,18,terminator_joke.ogg.wav,1
2019-04-19 Singu-hilarity,117,tags/white_people_joke_negative.ogg.wav,0
2019-04-19 Singu-hilarity,29,baha_men_joke_oregon.ogg.wav,1
2019-04-19 Singu-hilarity,20,light_bulb_joke.ogg.wav,1
2019-04-19 Singu-hilarity,3,siri_backpropagate.ogg.wav,1
2019-04-19 Singu-hilarity,30,robot_tinder_2.ogg.wav,1
2019-04-19 Singu-hilarity,109,tags/robot_tinder_2_negative.ogg.wav,1
2019-04-19 Singu-hilarity,22,big_chips_joke.ogg.wav,1
2019-04-19 Singu-hilarity,31,catfish_joke_2.ogg.wav,1
2019-04-19 Singu-hilarity,32,ip_address_joke_2.ogg.wav,1
2019-04-19 Singu-hilarity,25,encryption_joke.ogg.wav,1
2019-04-19 Singu-hilarity,102,tags/encryption_joke_positive_2.ogg.wav,1
2019-04-19 Singu-hilarity,35,power_cord_joke.wav,0
2019-04-19 Singu-hilarity,113,tags/power_cord_joke_negative.wav,1
2019-04-19 Singu-hilarity,36,domain_name_joke.wav,0
2019-04-19 Singu-hilarity,4,silicon_valley_joke_pt1.wav,0
2019-04-19 Singu-hilarity,37,domain_name_dot_com.wav,0
2019-04-19 Singu-hilarity,27,closing_take_jobs.ogg.wav,0
2019-04-19 Singu-hilarity,5,silicon_valley_joke_pt2.wav,0
2019-04-19 Singu-hilarity,28,rent_prices_oregon.ogg.wav,0
2019-04-19 Singu-hilarity,107,tags/rent_prices_oregon_negative.ogg.wav,0
2019-04-19 Singu-hilarity,7,job_joke.ogg.wav,0
2019-04-19 Singu-hilarity,8,inverse_kinematics_equations.ogg.wav,0
2019-04-22 Class Performance,1,robot_name_joke_2.ogg.wav,0
2019-04-22 Class Performance,2,gdpr_joke.ogg.wav,0
2019-04-22 Class Performance,103,tags/family_joke_positive_2.ogg.wav,0
2019-04-22 Class Performance,10,too_robotic_joke.ogg.wav,0
2019-04-22 Class Performance,116,tags/too_robotic_joke_negative.wav,0
2019-04-22 Class Performance,11,c3po_joke.ogg.wav,0
2019-04-22 Class Performance,12,rosie_joke.ogg.wav,0
2019-04-22 Class Performance,13,wall-e_joke.ogg.wav,0
2019-04-22 Class Performance,14,plastic_surgery_joke.ogg.wav,1
2019-04-22 Class Performance,106,tags/plastic_surgery_joke_negative.ogg.wav,0
2019-04-22 Class Performance,16,for_all_my_robots_joke.ogg.wav,0
2019-04-22 Class Performance,118,tags/robot_joke_negative_2.ogg.wav,0
2019-04-22 Class Performance,104,tags/gdpr_joke_positive.ogg.wav,0
2019-04-22 Class Performance,27,closing_take_jobs.ogg.wav,0
2019-04-22 Class Performance,4,silicon_valley_joke_pt1.wav,0
2019-04-22 Class Performance,5,silicon_valley_joke_pt2.wav,0
2019-04-22 Class Performance,8,inverse_kinematics_equations.ogg.wav,0
2019-04-22 Class Performance,112,tags/inverse_kinematics_equations_negative.ogg.wav,0
2019-04-22 Class Performance,33,congratulations_youve_won_joke.wav,0
2019-04-22 Class Performance,34,congratulations_im_feeling_lucky.wav,1
2019-04-22 Class Performance,9,family_joke.ogg.wav,0
2019-05-16 Bombs Away Cafe,1,robot_name_joke_2.ogg.wav,1
2019-05-16 Bombs Away Cafe,2,gdpr_joke.ogg.wav,1
2019-05-16 Bombs Away Cafe,3,siri_backpropagate.ogg.wav,1
2019-05-16 Bombs Away Cafe,8,inverse_kinematics_equations.ogg.wav,1
2019-05-16 Bombs Away Cafe,9,family_joke.ogg.wav,1
2019-05-16 Bombs Away Cafe,20,light_bulb_joke.ogg.wav,1
2019-05-16 Bombs Away Cafe,30,robot_tinder_2.ogg.wav,1
2019-05-16 Bombs Away Cafe,22,big_chips_joke.ogg.wav,1
2019-05-16 Bombs Away Cafe,27,closing_take_jobs.ogg.wav,0
2019-06-19 Trek Theater,1,robot_name_joke_2.ogg.wav,0
2019-06-19 Trek Theater,2,gdpr_joke.ogg.wav,0
2019-06-19 Trek Theater,11,c3po_joke.ogg.wav,0
2019-06-19 Trek Theater,12,rosie_joke.ogg.wav,0
2019-06-19 Trek Theater,13,wall-e_joke.ogg.wav,0
2019-06-19 Trek Theater,14,plastic_surgery_joke.ogg.wav,0
2019-06-19 Trek Theater,15,bender_joke.ogg.wav,0
2019-06-19 Trek Theater,16,for_all_my_robots_joke.ogg.wav,0
2019-06-19 Trek Theater,17,white_people_joke.ogg.wav,0
2019-06-19 Trek Theater,18,terminator_joke.ogg.wav,0
2019-06-19 Trek Theater,29,baha_men_joke_oregon.ogg.wav,0
2019-06-19 Trek Theater,20,light_bulb_joke.ogg.wav,0
2019-06-19 Trek Theater,3,siri_backpropagate.ogg.wav,0
2019-06-19 Trek Theater,30,robot_tinder_2.ogg.wav,0
2019-06-19 Trek Theater,22,big_chips_joke.ogg.wav,0
2019-06-19 Trek Theater,31,catfish_joke_2.ogg.wav,0
2019-06-19 Trek Theater,32,ip_address_joke_2.ogg.wav,0
2019-06-19 Trek Theater,25,encryption_joke.ogg.wav,0
2019-06-19 Trek Theater,26,robot_sexy_times.ogg.wav,0
2019-06-19 Trek Theater,33,congratulations_youve_won_joke.wav,0
2019-06-19 Trek Theater,34,congratulations_im_feeling_lucky.wav,0
2019-06-19 Trek Theater,35,power_cord_joke.wav,0
2019-06-19 Trek Theater,36,domain_name_joke.wav,0
2019-06-19 Trek Theater,4,silicon_valley_joke_pt1.wav,0
2019-06-19 Trek Theater,37,domain_name_dot_com.wav,0
2019-06-19 Trek Theater,27,closing_take_jobs.ogg.wav,0
2019-06-19 Trek Theater,5,silicon_valley_joke_pt2.wav,0
2019-06-19 Trek Theater,28,rent_prices_oregon.ogg.wav,0
2019-06-19 Trek Theater,7,job_joke.ogg.wav,0
2019-06-19 Trek Theater,8,inverse_kinematics_equations.ogg.wav,0
2019-06-19 Trek Theater,9,family_joke.ogg.wav,0
2019-06-19 Trek Theater,10,too_robotic_joke.ogg.wav,0
2019-06-20 Bombs Away Cafe,1,robot_name_joke_2.ogg.wav,0
2019-06-20 Bombs Away Cafe,20,light_bulb_joke.ogg.wav,0
2019-06-20 Bombs Away Cafe,35,power_cord_joke.wav,1
2019-06-20 Bombs Away Cafe,36,domain_name_joke.wav,0
2019-06-20 Bombs Away Cafe,37,domain_name_dot_com.wav,0
2019-06-20 Bombs Away Cafe,27,closing_take_jobs.ogg.wav,0
2019-06-20 Bombs Away Cafe,33,congratulations_youve_won_joke.wav,1
2019-06-20 Bombs Away Cafe,34,congratulations_im_feeling_lucky.wav,1
2019-06-20 Bombs Away Cafe,30,robot_tinder_2.ogg.wav,0
2019-06-20 Bombs Away Cafe,22,big_chips_joke.ogg.wav,1
2019-06-20 Bombs Away Cafe,31,catfish_joke_2.ogg.wav,1
2019-06-20 Bombs Away Cafe,32,ip_address_joke_2.ogg.wav,0
2019-06-20 Bombs Away Cafe,25,encryption_joke.ogg.wav,1
2019-06-20 Bombs Away Cafe,26,robot_sexy_times.ogg.wav,1
